1	0
3	0
6	0
19	0
25	0
29	0
30	0
31	0
36	0
38	0
40	0
43	0
46	0
48	0
49	0
54	0
55	0
60	0
61	4
62	0
65	0
66	0
67	0
68	0
69	0
70	0
71	0
72	0
73	0
74	0
75	0
78	0
79	4
80	0
81	0
82	0
87	0
89	0
90	0
92	0
93	0
94	0
95	0
97	0
98	0
99	4
100	4
102	0
103	0
105	0
106	0
107	0
108	0
109	0
111	0
112	0
113	0
114	0
115	0
116	0
117	0
118	0
119	0
120	0
121	0
122	0
123	0
124	0
125	0
126	0
127	0
128	0
129	0
130	0
149	0
150	0
151	0
152	0
153	0
154	0
157	0
161	0
163	0
165	0
167	0
171	0
190	0
192	0
193	1
196	0
197	0
198	0
199	0
200	0
201	0
202	0
203	0
204	0
205	0
206	0
207	0
208	0
209	0
210	0
211	0
212	0
213	0
215	0
217	0
218	0
219	0
220	0
221	0
222	0
223	0
224	0
225	0
226	0
227	0
228	0
229	0
230	0
232	0
233	0
234	1
235	0
237	0
238	0
239	0
240	0
241	0
242	0
243	0
244	0
246	0
247	0
248	0
250	0
251	0
252	0
253	0
255	0
257	0
258	0
260	0
261	0
262	0
263	0
264	0
265	0
266	0
267	0
268	0
269	0
270	0
271	0
272	0
273	0
274	0
275	0
276	0
277	0
278	0
279	0
280	0
281	0
282	0
283	0
284	0
285	0
286	0
287	0
288	0
289	0
290	0
291	0
294	0
295	0
296	0
297	0
298	0
299	0
300	0
301	0
302	0
303	0
304	0
305	0
306	0
307	0
308	0
309	0
311	0
313	0
314	1
315	0
318	0
319	0
320	0
321	0
322	0
323	0
324	0
325	0
326	0
327	0
328	0
329	0
330	0
331	0
332	0
333	0
334	1
335	1
336	0
338	0
339	0
340	0
341	0
342	0
343	0
344	0
345	0
346	0
347	1
348	0
349	1
351	0
352	1
353	0
354	0
356	0
358	0
359	0
361	0
364	0
365	0
370	0
371	0
372	0
373	0
374	0
375	0
376	0
377	0
379	0
380	0
381	0
382	0
383	0
384	0
385	0
386	0
387	0
388	0
389	0
390	0
391	0
392	0
393	0
395	0
397	1
399	0
400	0
401	0
402	0
403	0
404	0
405	0
406	0
407	0
408	0
409	0
410	0
411	0
412	1
415	0
416	0
417	0
418	0
421	0
422	0
423	0
424	0
426	0
428	0
429	0
430	0
431	0
432	0
433	0
434	0
435	0
436	1
437	0
440	0
441	0
442	0
444	0
445	0
446	0
448	1
449	0
450	0
452	0
453	0
454	0
456	0
458	0
459	0
460	0
461	0
462	4
464	0
465	0
466	1
467	0
468	0
469	1
470	0
471	4
472	4
473	0
474	0
475	0
476	0
478	0
480	0
481	0
482	0
483	0
485	0
486	1
487	0
488	0
489	0
490	0
491	0
494	0
495	0
496	0
497	0
498	0
499	0
500	0
501	0
502	0
503	4
504	0
505	0
506	4
507	4
509	0
510	0
511	0
513	0
514	0
515	0
516	0
517	0
518	0
519	4
520	4
521	4
522	1
523	1
524	0
525	0
531	0
533	0
534	4
535	0
536	0
538	0
539	0
541	0
542	0
543	0
544	0
545	0
547	0
548	0
550	0
564	0
565	0
566	0
567	0
568	0
569	0
570	0
572	4
573	4
574	4
575	0
576	0
578	0
579	0
580	0
582	0
583	0
584	4
586	0
587	0
588	0
589	0
590	0
592	0
594	1
595	0
596	2
597	0
598	0
599	2
601	2
603	0
604	0
605	0
606	0
607	0
609	0
610	0
611	0
612	0
613	0
614	0
615	0
616	4
619	1
620	0
622	1
623	1
624	1
625	1
626	1
628	0
631	0
633	0
634	1
636	1
638	1
639	2
641	1
642	1
643	1
644	1
645	1
646	1
647	1
648	0
649	0
650	0
651	0
652	0
653	0
656	0
657	1
658	0
659	0
660	0
661	0
663	0
664	0
667	0
669	0
670	0
671	0
672	0
674	0
675	0
676	0
677	0
678	1
679	1
680	1
681	0
682	0
683	0
684	0
685	0
686	0
687	0
688	0
689	0
690	0
691	0
693	0
694	0
696	0
697	0
698	0
699	0
700	0
701	0
702	0
703	0
704	0
705	0
706	0
707	0
708	0
709	1
710	1
711	0
712	0
713	0
714	0
715	0
716	0
717	0
718	0
721	0
723	2
724	0
725	0
727	0
728	1
729	0
730	1
731	1
732	0
733	0
734	0
735	0
736	0
737	0
738	0
739	0
740	0
741	0
742	1
743	1
744	1
745	1
746	1
747	0
749	0
750	0
751	0
752	0
753	0
754	0
755	0
756	0
757	0
758	0
759	0
760	0
761	0
762	0
763	4
764	0
765	0
766	0
767	0
768	0
769	0
770	0
771	4
772	0
773	0
775	0
777	0
780	0
781	0
782	0
783	0
784	0
785	0
786	0
787	0
789	0
790	0
791	0
793	0
794	0
795	0
796	0
797	0
798	0
799	0
800	0
801	0
802	0
804	0
805	0
806	0
807	0
808	0
809	0
810	0
811	0
812	0
813	1
814	0
815	0
818	1
819	0
820	0
821	0
822	0
823	0
824	0
826	0
827	0
828	0
829	0
830	0
831	0
832	0
833	0
834	0
836	0
837	0
840	0
841	0
842	0
843	0
844	0
846	0
847	0
848	0
849	0
850	0
851	0
852	0
853	0
854	0
855	0
856	0
857	1
858	0
859	0
860	0
861	0
862	0
863	0
864	0
865	0
866	0
867	0
868	0
869	0
870	0
871	1
873	1
874	0
875	1
876	0
877	1
878	0
879	1
880	0
881	0
882	0
883	0
885	0
886	0
887	0
888	0
889	0
890	0
891	0
892	0
893	0
894	0
895	0
896	0
897	0
898	0
900	0
903	0
904	0
905	0
906	0
907	1
908	0
909	0
910	0
911	0
912	0
913	0
914	0
915	0
916	0
917	0
918	0
919	0
920	0
921	0
922	0
923	0
924	0
925	0
926	0
927	0
928	0
929	3
930	0
931	1
932	0
933	0
934	0
935	0
936	0
937	0
938	0
939	0
940	0
941	0
942	0
943	0
944	0
945	0
946	0
947	4
948	0
949	0
950	0
951	0
952	0
953	0
954	0
955	0
956	0
957	0
958	0
959	0
960	0
963	0
976	0
977	0
978	0
979	0
980	0
981	0
982	0
983	0
984	0
985	0
986	0
987	0
988	0
989	0
994	0
995	0
996	0
999	0
1000	0
1001	0
1007	0
1008	0
1009	0
1010	0
1011	0
1012	0
1013	0
1014	0
1015	0
1016	0
1017	0
1018	0
1019	0
1020	0
1021	0
1022	0
1023	0
1024	0
1025	0
1026	0
1027	0
1028	0
1029	0
1030	0
1031	0
1032	0
1033	0
1034	0
1035	0
1036	0
1037	4
1038	0
1039	0
1040	0
1041	0
1042	0
1043	0
1044	0
1045	1
1046	1
1047	1
1048	1
1049	1
1050	1
1051	1
1052	1
1053	1
1054	1
1055	0
1056	0
1057	0
1058	0
1059	0
1060	1
1061	0
1062	0
1063	2
1064	0
1065	0
1066	0
1067	0
1068	0
1069	0
1070	0
1071	0
1072	0
1073	0
1074	0
1075	0
1076	0
1077	0
1078	0
1081	0
1082	0
1083	0
1084	0
1085	0
1087	0
1088	0
1089	0
1090	0
1091	0
1092	0
1093	0
1094	0
1095	0
1096	0
1097	0
1098	0
1099	0
1100	0
1101	0
1103	0
1104	0
1105	0
1106	4
1108	0
1109	0
1110	0
1111	0
1112	4
1114	0
1115	0
1116	0
1117	0
1118	0
1119	4
1120	0
1121	0
1122	0
1123	0
1124	0
1125	0
1126	0
1127	0
1128	0
1129	0
1130	4
1131	0
1132	4
1133	0
1134	0
1135	0
1137	4
1138	0
1139	0
1140	4
1141	0
1142	0
1144	0
1146	0
1147	0
1148	0
1149	0
1150	0
1151	0
1152	0
1153	0
1154	0
1155	0
1156	0
1157	0
1158	0
1159	0
1160	0
1161	0
1162	0
1163	0
1164	0
1165	0
1166	0
1167	0
1169	0
1171	0
1172	0
1173	0
1174	0
1175	0
1176	0
1177	0
1178	1
1179	1
1180	1
1181	1
1182	0
1183	1
1184	0
1185	0
1186	0
1187	0
1188	0
1189	0
1190	0
1191	0
1192	0
1193	0
1194	0
1195	0
1196	0
1197	0
1198	0
1199	0
1200	1
1201	0
1202	0
1203	0
1204	0
1205	0
1206	0
1207	0
1210	1
1211	0
1212	0
1213	0
1214	0
1215	0
1216	0
1217	0
1218	0
1222	0
1224	0
1225	1
1226	0
1227	0
1228	0
1229	0
1230	0
1231	0
1232	0
1233	1
1234	0
1235	0
1236	0
1237	0
1238	0
1239	0
1240	0
1241	0
1242	0
1243	0
1244	0
1245	0
1246	0
1247	0
1249	0
1250	0
1251	0
1252	0
1253	0
1254	0
1255	0
1256	0
1257	0
1258	0
1259	0
1260	4
1261	0
1262	0
1263	0
1265	0
1266	0
1267	0
1268	0
1269	0
1270	0
1271	1
1273	0
1274	0
1275	0
1276	0
1277	0
1278	0
1279	0
1280	0
1281	0
1282	0
1283	0
1284	3
1285	0
1286	0
1287	0
1288	0
1289	0
1290	0
1291	0
1292	0
1293	0
1294	0
1295	0
1296	0
1297	0
1298	0
1299	0
1300	0
1301	0
1302	0
1303	0
1304	0
1305	0
1306	0
1307	0
1308	0
1309	0
1310	0
1311	0
1312	0
1313	0
1314	0
1315	0
1316	0
1317	0
1318	0
1319	0
1320	0
1321	0
1322	0
1323	0
1324	0
1325	0
1326	0
1327	0
1328	0
1329	0
1330	0
1331	0
1332	0
1333	0
1334	0
1335	0
1336	0
1337	0
1338	0
1339	0
1340	0
1341	0
1342	0
1343	0
1344	0
1345	0
1346	0
1347	0
1348	0
1349	0
1350	0
1351	0
1352	0
1353	0
1354	0
1355	0
1356	0
1358	0
1360	0
1361	2
1362	0
1364	1
1365	0
1366	0
1367	0
1368	0
1370	0
1371	0
1373	0
1374	0
1375	0
1376	0
1377	0
1378	0
1379	0
1380	0
1381	0
1382	0
1383	0
1384	0
1385	0
1386	0
1387	1
1388	1
1392	0
1393	0
1395	0
1397	0
1398	4
1399	4
1400	0
1401	0
1402	0
1403	0
1404	0
1405	0
1406	0
1407	0
1408	0
1409	0
1410	0
1411	0
1412	0
1413	0
1414	0
1415	0
1416	0
1417	0
1418	0
1419	0
1420	0
1421	0
1422	0
1423	0
1424	4
1425	4
1426	0
1427	0
1428	0
1429	0
1430	0
1431	0
1432	0
1433	0
1434	0
1435	0
1436	0
1437	0
1439	0
1440	0
1441	0
1442	0
1443	0
1444	0
1445	0
1446	0
1447	0
1448	0
1449	0
1450	0
1451	0
1452	0
1453	0
1454	0
1455	0
1456	0
1457	0
1458	0
1459	0
1460	0
1461	0
1462	0
1463	0
1464	0
1465	0
1466	0
1467	0
1468	0
1469	0
1470	0
1471	0
1472	0
1473	0
1474	0
1475	0
1476	0
1477	0
1478	0
1479	0
1480	0
1481	0
1482	0
1483	0
1484	0
1485	0
1487	0
1488	0
1489	0
1490	0
1491	0
1492	1
1493	1
1494	1
1495	0
1496	0
1497	0
1498	0
1499	0
1500	0
1501	0
1502	0
1503	0
1504	0
1505	0
1506	0
1507	0
1508	0
1509	0
1511	0
1512	0
1513	0
1514	0
1515	0
1516	0
1518	0
1519	0
1520	0
1521	0
1522	0
1523	0
1525	0
1526	0
1527	0
1528	0
1529	0
1530	0
1531	4
1532	0
1533	4
1534	0
1535	0
1536	0
1537	0
1538	0
1539	0
1540	0
1541	0
1543	0
1544	0
1545	0
1546	0
1547	0
1548	0
1549	0
1550	0
1551	0
1552	4
1553	0
1554	0
1555	0
1557	0
1558	0
1559	1
1560	0
1561	0
1562	0
1563	0
1564	0
1565	0
1567	0
1568	0
1569	0
1570	0
1571	1
1572	1
1573	1
1574	0
1575	0
1576	0
1577	0
1578	0
1579	0
1580	0
1581	0
1582	0
1583	0
1584	0
1585	0
1586	0
1587	0
1588	0
1589	0
1590	0
1591	0
1592	0
1593	0
1594	0
1595	0
1596	0
1597	0
1598	0
1599	0
1600	0
1601	0
1602	0
1603	0
1604	0
1605	0
1606	0
1607	0
1608	0
1609	0
1613	0
1614	0
1615	0
1616	0
1617	0
1618	0
1619	0
1620	0
1621	0
1622	0
1623	0
1624	0
1625	0
1626	0
1627	0
1628	0
1629	0
1631	0
1632	0
1633	0
1634	0
1635	0
1636	0
1637	0
1638	0
1639	0
1640	0
1641	0
1642	0
1643	0
1644	0
1645	0
1646	0
1649	0
1650	0
1651	0
1652	0
1653	0
1654	0
1655	0
1656	0
1657	0
1658	0
1659	0
1660	0
1661	0
1662	0
1663	1
1664	0
1665	0
1666	1
1667	0
1668	0
1669	0
1670	0
1671	0
1672	0
1673	0
1674	0
1675	0
1676	0
1677	0
1678	0
1679	0
1680	0
1681	0
1682	0
1683	0
1684	0
1685	0
1686	0
1687	0
1688	0
1689	0
1690	0
1691	0
1692	0
1693	0
1694	0
1695	0
1696	1
1697	0
1698	0
1699	0
1700	0
1701	0
1702	0
1703	0
1706	1
1707	1
1708	1
1711	1
1713	0
1714	0
1715	1
1716	1
1717	1
1718	0
1719	0
1720	2
1721	0
1722	0
1723	0
1724	0
1725	1
1726	1
1727	0
1729	1
1730	1
1731	1
1732	1
1733	0
1735	0
1736	0
1737	0
1738	0
1739	0
1740	0
1741	0
1742	0
1743	0
1744	0
1745	0
1746	0
1747	0
1748	3
1749	0
1750	0
1751	0
1752	0
1753	0
1754	0
1755	0
1756	0
1757	0
1758	1
1759	1
1760	1
1761	1
1762	1
1763	1
1764	0
1765	0
1766	0
1767	0
1768	0
1769	0
1770	0
1772	0
1773	0
1775	0
1776	0
1777	0
1778	0
1779	0
1780	0
1781	0
1782	0
1783	0
1784	0
1785	0
1786	1
1787	0
1788	1
1789	0
1790	0
1791	0
1792	1
1793	0
1794	0
1795	0
1796	0
1797	0
1798	0
1799	1
1800	0
1801	0
1802	0
1804	0
1805	1
1806	0
1808	0
1809	0
1810	0
1811	0
1812	0
1813	0
1815	0
1816	0
1817	0
1819	0
1820	0
1821	0
1822	0
1823	0
1824	0
1825	0
1826	0
1827	1
1831	0
1832	1
1833	0
1834	1
1835	0
1836	1
1837	4
1838	2
1839	2
1840	1
1841	2
1842	1
1843	2
1844	4
1845	0
1846	1
1847	4
1848	4
1849	4
1850	2
1851	4
1852	1
1853	1
1854	0
1855	1
1857	0
1858	0
1859	0
1860	0
1861	0
1862	0
1863	0
1864	0
1865	0
1866	0
1867	0
1868	0
1869	0
1870	0
1871	0
1872	0
1879	0
1880	0
1881	0
1883	0
1884	0
1885	4
1888	0
1889	0
1890	0
1891	1
1892	1
1893	1
1894	1
1895	1
1896	1
1897	1
1901	0
1907	0
1908	0
1909	0
1910	4
1911	4
1912	0
1913	0
1914	0
1915	0
1916	0
1917	0
1918	0
1919	0
1920	4
1921	0
1922	0
1923	0
1924	0
1925	0
1926	0
1927	0
1928	0
1929	0
1930	0
1931	0
1932	0
1933	0
1934	0
1935	0
1936	4
1937	0
1938	0
1939	0
1940	0
1941	0
1942	0
1943	0
1944	4
1945	0
1946	0
1947	1
1948	4
1949	0
1950	0
1951	0
1952	0
1953	0
1954	0
1955	0
1956	0
1957	0
1958	0
1959	0
1960	0
1961	0
1963	0
1964	0
1965	0
1971	0
1972	0
1973	0
1974	0
1975	0
1976	0
1977	0
1978	0
1979	0
1980	0
1981	0
1983	0
1984	0
1985	0
1986	0
1987	0
1988	0
1989	0
1990	0
1991	0
1992	0
1993	0
1994	0
1995	0
1996	0
1997	0
1998	0
1999	0
2000	0
2001	0
2002	0
2003	0
2004	0
2005	0
2006	0
2007	0
2008	0
2009	0
2010	0
2011	0
2012	0
2013	0
2014	0
2015	0
2017	0
2018	0
2019	0
2020	0
2021	0
2022	0
2025	0
2027	0
2029	0
2030	0
2031	0
2032	0
2033	0
2034	0
2038	0
2039	0
2040	0
2041	0
2042	0
2043	0
2044	0
2045	0
2046	0
2050	0
2051	0
2052	0
2053	0
2054	0
2055	0
2056	0
2057	0
2058	0
2060	1
2061	1
2062	1
2063	1
2064	1
2065	1
2066	1
2067	1
2068	1
2069	0
2070	0
2071	0
2077	0
2078	0
2079	0
2080	0
2081	0
2082	0
2083	0
2084	0
2086	0
2087	0
2089	0
2090	4
2091	1
2092	0
2093	0
2094	0
2095	0
2096	0
2097	0
2098	0
2099	0
2102	0
2103	0
2104	0
2105	0
2106	1
2107	0
2108	4
2109	0
2110	0
2111	0
2112	0
2113	0
2114	0
2115	0
2116	0
2117	0
2118	0
2119	0
2120	0
2121	0
2122	0
2123	0
2124	0
2126	0
2127	0
2128	0
2129	0
2130	0
2131	0
2132	0
2133	0
2134	0
2135	0
2136	0
2137	0
2138	0
2140	0
2142	0
2149	0
2150	0
2151	0
2152	0
2153	0
2154	0
2155	0
2156	0
2157	0
2158	0
2159	0
2160	0
2162	0
2163	0
2164	0
2165	0
2166	1
2167	0
2168	0
2169	0
2170	0
2171	0
2172	4
2173	0
2174	0
2175	4
2176	0
2177	0
2178	0
2179	0
2180	0
2181	0
2182	0
2183	0
2184	4
2185	0
2186	4
2187	0
2188	0
2189	0
2190	0
2191	4
2192	4
2197	0
2198	0
2199	0
2200	0
2201	0
2202	0
2203	0
2204	0
2205	0
2206	0
2207	0
2208	0
2209	0
2210	0
2211	0
2212	0
2213	0
2214	0
2215	1
2216	0
2217	0
2218	0
2219	0
2220	0
2221	0
2222	0
2223	0
2224	0
2225	0
2226	1
2227	0
2228	0
2229	0
2230	0
2231	0
2232	0
2233	0
2234	0
2235	0
2236	0
2237	0
2238	0
2239	0
2240	0
2241	0
2242	0
2243	0
2244	0
2245	0
2246	0
2247	0
2248	0
2249	0
2250	0
2251	0
2252	0
2253	0
2254	1
2255	1
2256	1
2257	1
2258	4
2260	0
2261	0
2263	0
2264	0
2265	0
2266	0
2267	0
2268	0
2269	0
2270	0
2271	0
2272	0
2274	0
2275	0
2276	1
2277	0
2278	0
2279	0
2280	0
2281	0
2282	0
2283	4
2284	0
2285	0
2286	0
2287	1
2288	0
2289	0
2290	0
2291	0
2292	0
2293	0
2294	0
2295	0
2296	0
2297	0
2298	0
2299	1
2300	0
2301	0
2302	1
2303	0
2304	1
2305	0
2306	0
2307	0
2308	0
2309	0
2310	0
2311	0
2312	0
2313	0
2314	0
2315	0
2316	0
2317	0
2318	0
2319	0
2320	0
2321	0
2322	0
2323	0
2324	0
2325	0
2326	0
2327	0
2329	0
2330	0
2331	0
2332	0
2333	0
2334	0
2335	0
2336	0
2337	0
2338	0
2339	0
2344	1
2345	1
2346	1
2347	0
2348	0
2349	0
2350	0
2351	0
2352	0
2354	0
2356	0
2357	0
2358	0
2359	0
2360	0
2361	0
2362	0
2363	0
2364	0
2365	0
2366	0
2367	0
2368	0
2369	0
2370	0
2371	0
2372	0
2373	0
2374	0
2375	0
2376	0
2377	0
2378	0
2379	0
2380	0
2381	0
2382	0
2383	0
2384	0
2385	0
2386	0
2387	0
2388	0
2389	1
2390	0
2391	0
2392	0
2393	0
2394	0
2395	0
2396	0
2397	0
2398	0
2399	0
2400	0
2401	0
2402	0
2403	0
2404	0
2405	0
2406	0
2407	0
2408	0
2409	1
2410	0
2411	0
2412	0
2413	0
2414	0
2415	0
2416	1
2417	1
2418	0
2419	0
2420	1
2421	1
2422	1
2423	0
2424	0
2425	3
2427	0
2428	0
2429	0
2430	0
2431	0
2432	1
2433	1
2434	0
2435	0
2436	0
2437	0
2438	0
2439	0
2440	0
2441	0
2442	0
2447	2
2448	0
2449	0
2450	0
2451	0
2452	4
2453	4
2454	0
2455	0
2456	0
2457	0
2458	0
2459	0
2460	0
2461	0
2462	0
2464	1
2465	0
2466	0
2468	0
2469	0
2470	0
2472	1
2473	0
2474	0
2475	0
2476	4
2477	1
2478	1
2479	0
2480	0
2481	0
2482	0
2483	0
2485	0
2486	0
2487	0
2488	0
2489	0
2490	0
2491	0
2492	0
2493	0
2494	0
2495	0
2496	0
2497	0
2498	0
2499	0
2500	0
2501	0
2502	0
2503	0
2504	0
2505	0
2506	0
2507	0
2508	0
2509	0
2510	0
2511	0
2512	0
2513	0
2514	0
2515	0
2516	0
2517	0
2518	0
2519	0
2520	1
2521	0
2522	0
2523	0
2524	0
2525	0
2526	0
2527	0
2528	0
2529	1
2530	0
2531	0
2532	0
2533	0
2534	0
2535	0
2536	0
2537	0
2540	0
2541	4
2542	0
2543	0
2544	0
2545	0
2546	0
2547	0
2548	0
2549	0
2550	0
2551	0
2552	0
2553	0
2554	0
2555	0
2556	0
2557	0
2558	1
2559	0
2560	0
2561	0
2562	0
2563	0
2564	0
2565	0
2566	0
2567	0
2569	1
2570	1
2571	1
2572	0
2573	0
2574	0
2575	0
2577	0
2578	0
2579	0
2580	0
2581	0
2582	0
2583	1
2584	1
2585	1
2586	0
2587	0
2588	1
2589	0
2590	1
2591	1
2592	0
2593	0
2594	0
2595	0
2596	0
2597	1
2598	2
2599	1
2600	4
2601	2
2602	2
2603	4
2604	4
2605	4
2606	4
2607	1
2608	0
2609	4
2610	0
2611	1
2612	1
2614	0
2615	0
2616	0
2617	0
2618	0
2619	0
2620	0
2621	0
2622	0
2623	0
2624	0
2625	0
2626	0
2627	0
2628	0
2630	0
2634	0
2635	1
2636	0
2637	0
2638	0
2639	0
2640	0
2641	1
2642	1
2643	1
2644	1
2645	1
2646	1
2647	1
2648	1
2649	0
2650	0
2651	0
2652	0
2653	0
2654	0
2655	0
2656	0
2657	0
2658	0
2659	0
2662	0
2663	0
2664	0
2665	0
2667	0
2668	0
2669	0
2670	0
2671	0
2672	0
2673	0
2674	0
2675	0
2676	0
2678	0
2679	0
2680	0
2681	1
2682	0
2683	0
2684	0
2685	0
2686	0
2687	0
2688	0
2689	0
2690	0
2691	0
2692	0
2693	0
2694	0
2695	0
2696	0
2697	0
2698	0
2699	0
2700	0
2701	0
2702	0
2703	0
2704	0
2705	0
2706	0
2707	1
2708	0
2709	0
2710	0
2711	0
2712	0
2713	0
2714	0
2715	0
2716	0
2717	0
2718	0
2719	0
2720	0
2721	0
2723	0
2725	0
2726	1
2727	0
2728	0
2729	0
2730	0
2731	0
2732	0
2733	0
2734	0
2735	0
2736	0
2737	0
2738	1
2739	0
2740	0
2741	0
2742	0
2743	0
2744	4
2745	1
2746	1
2748	1
2749	2
2751	4
2752	4
2753	4
2754	2
2755	1
2756	0
2757	1
2759	1
2760	0
2761	0
2762	0
2763	1
2764	0
2765	0
2766	0
2767	0
2768	0
2769	0
2770	0
2771	0
2772	0
2773	1
2774	0
2775	0
2776	0
2778	0
2779	4
2780	1
2781	1
2782	1
2783	1
2784	3
2785	0
2786	0
2787	0
2788	0
2789	0
2790	0
2791	0
2792	0
2793	0
2794	1
2795	0
2796	0
2797	0
2798	0
2799	0
2801	0
2802	0
2803	0
2804	1
2805	0
2806	0
2807	0
2808	0
2809	0
2810	0
2812	0
2813	0
2814	0
2815	0
2816	0
2817	0
2818	0
2819	0
2820	0
2821	0
2829	0
2830	0
2831	0
2832	0
2833	1
2834	0
2835	1
2836	0
2837	0
2838	0
2839	0
2840	0
2842	0
2843	0
2844	0
2845	0
2846	0
2847	0
2848	0
2849	0
2850	4
2851	1
2852	0
2853	0
2855	0
2856	0
2857	0
2858	1
2859	1
2860	0
2861	1
2862	0
2863	0
2864	0
2865	0
2866	0
2867	0
2868	0
2869	0
2870	0
2871	0
2872	0
2873	0
2874	0
2875	0
2876	0
2877	0
2878	0
2879	0
2880	0
2881	0
2883	0
2885	0
2886	0
2887	0
2888	0
2889	1
2890	1
2891	0
2892	1
2893	0
2894	0
2896	0
2899	0
2906	0
2907	0
2908	0
2909	0
2910	0
2911	0
2912	0
2913	0
2914	0
2915	0
2916	0
2917	0
2918	0
2919	0
2920	0
2921	0
2922	0
2923	0
2924	0
2925	0
2926	0
2927	0
2928	0
2929	0
2930	0
2931	2
2932	1
2934	0
2935	0
2937	1
2938	0
2939	0
2940	0
2941	1
2942	0
2943	0
2944	0
2945	0
2946	1
2947	0
2948	0
2949	0
2950	0
2951	0
2952	0
2953	0
2954	0
2955	0
2956	0
2957	0
2958	0
2959	0
2960	0
2961	0
2962	0
2963	0
2964	0
2965	0
2966	0
2967	0
2968	0
2969	0
2970	0
2971	0
2972	0
2973	0
2974	0
2975	0
2976	0
2977	0
2978	0
2979	0
2980	0
2981	0
2982	0
2983	0
2984	0
2985	0
2986	0
2987	0
2988	0
2989	0
2990	0
2991	0
2992	0
2993	0
2994	0
2995	1
2996	0
2997	0
2998	0
2999	0
3000	0
3001	0
3002	0
3003	0
3004	0
3005	0
3007	0
3008	0
3009	0
3010	0
3011	0
3012	0
3013	0
3014	0
3015	0
3016	0
3017	0
3018	0
3019	0
3020	0
3021	0
3022	0
3023	0
3024	0
3025	0
3026	0
3027	0
3028	0
3029	0
3030	0
3031	0
3032	0
3033	0
3034	0
3035	0
3036	0
3037	0
3038	0
3039	0
3040	0
3041	0
3042	0
3043	0
3044	0
3045	0
3046	0
3047	0
3048	0
3049	0
3050	0
3051	0
3052	0
3053	0
3054	0
3055	0
3056	4
3057	3
3058	0
3059	0
3060	0
3061	0
3062	0
3063	0
3064	0
3065	0
3066	0
3067	0
3068	4
3069	0
3070	0
3071	0
3072	0
3073	0
3074	0
3075	0
3076	0
3077	0
3078	0
3079	0
3080	0
3081	0
3082	0
3083	0
3084	0
3085	0
3086	0
3087	0
3088	0
3089	0
3090	0
3091	0
3092	0
3093	0
3094	0
3095	0
3096	0
3097	0
3098	0
3099	0
3100	0
3101	0
3102	0
3103	0
3104	0
3105	0
3106	0
3107	0
3108	0
3110	0
3111	0
3112	0
3113	0
3114	0
3115	0
3116	0
3117	0
3118	0
3119	0
3120	0
3121	0
3122	0
3123	0
3124	0
3125	0
3126	0
3127	0
3128	0
3129	0
3130	0
3131	0
3133	0
3134	0
3135	0
3136	0
3137	0
3138	0
3139	0
3140	0
3141	0
3142	0
3143	0
3144	0
3145	0
3146	0
3147	0
3148	1
3149	0
3150	0
3151	0
3152	0
3153	0
3154	0
3155	0
3156	0
3157	0
3158	0
3159	0
3160	0
3161	0
3162	0
3163	0
3164	0
3165	0
3166	0
3167	0
3168	0
3169	0
3170	0
3171	0
3172	0
3173	0
3174	0
3175	0
3176	0
3177	0
3178	0
3179	0
3180	0
3181	0
3182	0
3183	0
3184	0
3185	0
3186	0
3187	0
3188	0
3189	0
3190	0
3191	0
3192	0
3193	0
3194	0
3195	0
3196	0
3197	0
3198	0
3199	0
3200	0
3201	0
3202	0
3203	0
3204	0
3205	0
3206	0
3207	0
3208	0
3209	0
3210	0
3211	0
3212	0
3213	0
3214	0
3215	0
3216	0
3217	0
3218	0
3219	0
3220	0
3221	0
3222	0
3223	0
3224	0
3225	0
3226	0
3227	0
3228	0
3229	0
3230	0
3231	0
3232	0
3233	0
3234	0
3235	0
3236	0
3237	0
3238	0
3239	0
3240	0
3241	0
3242	0
3243	0
3244	0
3245	0
3246	0
3247	0
3248	0
3249	0
3250	0
3251	0
3252	0
3253	4
3254	0
3255	0
3256	0
3257	0
3258	0
3259	0
3260	0
3261	0
3262	0
3263	0
3265	0
3266	0
3267	0
3268	0
3269	0
3270	2
3271	0
3272	0
3273	0
3274	0
3275	0
3276	0
3277	0
3278	0
3279	0
3280	0
3281	0
3282	0
3283	0
3284	0
3285	0
3286	0
3287	0
3289	0
3290	0
3291	0
3292	0
3293	0
3294	0
3295	4
3296	0
3297	0
3298	0
3299	0
3300	0
3301	0
3302	0
3303	0
3304	0
3305	1
3306	0
3307	0
3309	0
3310	1
3312	0
3313	0
3314	0
3315	0
3316	0
3317	0
3318	0
3319	0
3320	0
3321	0
3322	0
3323	0
3324	0
3325	0
3326	0
3327	0
3328	0
3329	0
3330	0
3331	0
3332	0
3333	0
3334	0
3335	0
3336	0
3337	0
3338	1
3339	0
3340	0
3341	0
3342	0
3343	0
3344	0
3345	0
3346	0
3347	0
3348	0
3349	0
3350	0
3351	0
3352	0
3353	0
3354	0
3355	0
3356	0
3357	0
3358	0
3359	0
3360	0
3361	0
3362	0
3363	0
3364	0
3365	0
3366	0
3367	0
3368	0
3369	0
3370	0
3371	0
3372	0
3373	0
3374	0
3375	0
3376	0
3377	0
3378	0
3379	0
3380	0
3381	0
3382	0
3383	0
3384	0
3385	0
3386	0
3387	0
3388	0
3389	0
3390	0
3391	0
3392	0
3393	0
3394	0
3395	0
3396	0
3397	0
3398	2
3399	0
3400	0
3401	0
3402	0
3403	0
3404	0
3405	0
3406	0
3407	0
3408	0
3409	0
3410	0
3411	0
3412	0
3413	0
3414	0
3415	0
3416	0
3417	0
3418	0
3419	0
3420	0
3421	0
3424	0
3425	0
3426	0
3427	0
3428	0
3429	0
3430	0
3431	0
3432	0
3433	0
3434	0
3435	0
3436	0
3437	0
3438	0
3439	0
3440	0
3441	0
3442	0
3443	0
3444	0
3445	0
3446	0
3447	0
3448	0
3449	0
3450	0
3451	0
3452	0
3453	0
3454	0
3455	0
3456	0
3457	0
3458	0
3459	0
3460	0
3461	0
3462	0
3463	0
3464	0
3465	0
3466	0
3467	0
3468	0
3469	0
3470	4
3471	0
3472	0
3473	0
3474	0
3475	0
3476	0
3477	0
3478	0
3479	0
3480	0
3481	0
3482	0
3483	0
3484	0
3485	0
3486	0
3487	0
3488	0
3489	0
3490	0
3491	0
3492	0
3493	0
3494	0
3495	0
3496	0
3497	0
3498	0
3499	0
3500	0
3501	0
3502	0
3503	0
3504	0
3505	0
3507	0
3508	0
3509	0
3510	0
3511	0
3512	0
3513	0
3514	0
3515	0
3516	3
3517	0
3518	0
3519	0
3520	0
3521	0
3522	0
3523	0
3524	0
3525	0
3527	0
3528	1
3529	1
3530	1
3531	1
3532	1
3533	1
3534	0
3535	4
3536	0
3537	0
3538	0
3539	0
3540	0
3541	0
3542	0
3543	0
3544	0
3545	0
3546	0
3547	0
3548	0
3549	0
3550	0
3551	0
3552	0
3553	0
3554	0
3555	0
3556	0
3557	0
3558	0
3559	0
3560	0
3561	0
3562	0
3564	0
3565	0
3566	0
3567	0
3568	0
3569	0
3570	0
3571	0
3572	0
3573	0
3574	0
3575	1
3577	0
3578	0
3579	0
3580	1
3581	4
3582	0
3583	0
3584	0
3585	0
3586	2
3587	0
3588	0
3589	0
3590	0
3591	0
3592	0
3593	0
3594	0
3595	0
3596	0
3597	0
3598	0
3599	0
3600	0
3601	0
3602	0
3603	0
3604	0
3605	0
3606	0
3607	0
3608	0
3609	0
3610	0
3611	0
3612	0
3613	0
3614	0
3615	1
3616	0
3617	0
3619	0
3620	0
3621	0
3622	0
3623	0
3624	0
3625	0
3626	0
3627	0
3628	0
3629	0
3630	1
3631	1
3632	1
3633	1
3634	1
3636	1
3637	1
3638	1
3639	0
3640	1
3641	1
3642	1
3644	0
3649	0
3650	0
3651	2
3652	2
3653	1
3654	1
3655	1
3657	0
3658	0
3659	0
3660	0
3661	0
3662	0
3663	0
3664	0
3665	0
3666	0
3667	0
3668	0
3669	1
3670	1
3671	1
3672	2
3673	1
3674	1
3678	1
3679	0
3680	0
3681	0
3682	0
3683	0
3684	0
3685	0
3688	0
3689	0
3690	0
3691	1
3692	0
3693	0
3694	0
3695	0
3696	0
3697	0
3698	0
3699	0
3700	0
3701	0
3702	0
3703	0
3704	0
3705	0
3706	0
3707	0
3708	0
3711	0
3712	0
3713	0
3715	0
3717	0
3718	4
3721	0
3722	0
3725	0
3727	0
3728	0
3730	0
3732	0
3733	0
3734	0
3735	4
3736	0
3737	0
3739	0
3740	0
3742	0
3743	0
3745	0
3746	0
3748	0
3749	0
3750	0
3752	0
3754	0
3755	0
3757	0
3758	0
3759	0
3762	0
3763	0
3765	0
3767	0
3770	0
3771	0
3772	0
3773	4
3774	0
3777	0
3778	0
3779	0
3780	0
3781	0
3782	0
3783	0
3784	0
3789	0
3791	0
3792	4
3793	0
3794	0
3795	0
3796	0
3797	0
3799	0
3801	0
3802	0
3803	0
3804	0
3806	0
3807	0
3808	0
3809	0
3810	0
3811	0
3812	0
3814	0
3815	0
3816	0
3817	0
3818	0
3819	0
3820	0
3821	0
3823	0
3824	0
3825	0
3826	0
3831	4
3832	0
3833	0
3834	0
3835	0
3836	0
3837	0
3838	1
3839	1
3840	1
3841	1
3842	0
3843	0
3844	0
3845	0
3846	0
3847	0
3848	0
3849	1
3850	1
3851	1
3852	1
3853	1
3854	1
3855	1
3857	1
3859	1
3860	1
3861	1
3862	1
3863	1
3864	1
3865	1
3866	1
3868	1
3869	1
3870	1
3872	2
3873	1
3875	1
3876	1
3877	1
3878	0
3879	0
3880	0
3881	0
3882	0
3883	0
3884	0
3885	0
3886	1
3887	1
3888	0
3890	1
3891	0
3892	0
3893	0
3894	0
3895	0
3896	0
3897	0
3898	0
3899	0
3900	0
3901	0
3902	0
3903	0
3904	0
3906	0
3907	0
3908	0
3909	0
3911	0
3912	0
3913	0
3914	1
3915	0
3916	0
3917	0
3919	0
3920	0
3921	0
3922	0
3923	0
3924	0
3925	0
3926	0
3927	1
3928	0
3931	0
3932	0
3933	0
3934	0
3935	0
3936	3
3937	0
3938	0
3939	0
3940	0
3941	0
3942	0
3943	0
3944	0
3945	0
3946	0
3947	1
3948	0
3950	0
3951	0
3952	0
3953	0
3954	0
3955	0
3956	0
3957	0
3958	0
3959	0
3960	0
3961	0
3962	0
3963	0
3964	0
3965	0
3966	0
3967	0
3968	0
3969	0
3970	0
3971	0
3972	0
3973	0
3974	1
3975	1
3976	1
3977	1
3978	0
3979	0
3980	0
3981	0
3982	0
3983	1
3984	1
3985	1
3986	0
3987	0
3988	0
3989	0
3990	0
3991	0
3992	0
3993	0
3994	0
3995	0
3996	0
3997	0
3998	0
3999	0
4001	0
4002	0
4003	0
4004	0
4005	0
4006	0
4007	0
4008	0
4009	0
4011	0
4012	0
4013	0
4014	0
4015	4
4016	0
4017	0
4018	0
4019	0
4020	0
4021	0
4022	0
4023	0
4024	0
4025	0
4026	0
4027	0
4028	0
4029	0
4030	4
4031	0
4032	0
4033	0
4034	0
4035	0
4036	0
4037	0
4038	0
4039	0
4040	0
4041	0
4042	0
4043	0
4044	0
4045	0
4046	0
4047	0
4048	0
4049	0
4050	1
4051	0
4052	1
4053	0
4054	0
4055	0
4056	1
4057	0
4059	0
4061	1
4062	0
4063	0
4064	1
4065	1
4066	2
4067	0
4068	0
4069	0
4070	0
4071	0
4072	0
4073	0
4074	0
4075	0
4076	0
4077	0
4078	0
4079	0
4080	0
4081	0
4082	0
4083	0
4084	0
4085	0
4086	0
4087	0
4088	0
4089	0
4090	0
4091	0
4092	0
4093	0
4094	0
4095	0
4096	0
4097	0
4098	0
4099	0
4100	0
4101	0
4104	0
4107	0
4109	0
4110	0
4111	0
4112	0
4113	0
4114	0
4115	0
4116	0
4117	0
4118	0
4119	0
4120	0
4121	0
4124	0
4126	0
4127	0
4128	0
4129	0
4130	0
4131	0
4132	4
4133	0
4138	0
4139	0
4140	0
4142	0
4143	0
4144	0
4146	0
4147	0
4149	0
4150	0
4151	0
4153	0
4154	0
4155	0
4156	0
4157	0
4158	0
4159	0
4160	0
4161	0
4163	0
4164	0
4165	0
4166	0
4167	0
4168	0
4169	0
4170	0
4171	0
4172	0
4173	0
4174	0
4175	0
4176	0
4177	0
4178	0
4179	0
4180	0
4181	0
4182	0
4183	0
4184	0
4185	0
4186	0
4187	0
4188	0
4189	0
4190	0
4191	0
4192	0
4193	0
4194	0
4195	0
4196	0
4197	0
4198	0
4200	0
4201	0
4202	0
4203	0
4204	0
4205	0
4206	0
4207	0
4208	0
4209	0
4210	0
4211	0
4212	0
4213	0
4214	0
4215	0
4216	0
4217	0
4218	0
4219	0
4220	0
4221	0
4222	0
4223	0
4224	0
4225	0
4226	0
4228	0
4229	0
4230	0
4231	0
4232	0
4233	0
4234	0
4235	0
4236	0
4237	0
4239	0
4240	0
4241	0
4242	0
4243	0
4244	0
4245	0
4246	0
4247	0
4248	0
4249	0
4250	0
4251	0
4252	0
4253	0
4254	0
4255	0
4256	0
4257	0
4258	0
4259	0
4260	0
4261	0
4262	0
4263	0
4264	0
4265	0
4266	0
4267	1
4268	0
4269	0
4270	0
4271	0
4272	0
4273	0
4274	1
4275	1
4276	0
4277	0
4278	1
4279	1
4280	1
4281	1
4282	1
4283	1
4284	1
4285	1
4286	1
4287	1
4288	1
4289	1
4290	1
4291	1
4292	1
4293	1
4294	1
4295	1
4296	1
4297	1
4298	1
4299	1
4300	1
4301	1
4302	1
4303	1
4304	1
4305	0
4306	1
4307	0
4308	0
4309	0
4310	0
4311	0
4312	1
4313	0
4314	1
4315	0
4316	0
4317	1
4318	0
4319	1
4320	0
4321	1
4322	0
4323	0
4324	0
4328	1
4329	1
4331	1
4333	0
4334	1
4339	2
4340	0
4341	0
4342	0
4343	0
4344	0
4345	0
4346	0
4347	0
4348	0
4351	0
4352	0
4355	0
4356	0
4357	0
4358	0
4359	0
4360	0
4361	0
4362	0
4363	0
4364	1
4366	1
4368	1
4370	1
4371	1
4374	1
4376	0
4377	0
4378	0
4379	0
4380	4
4382	0
4385	0
4386	0
4387	0
4388	0
4389	0
4390	0
4391	0
4392	0
4393	0
4394	1
4395	0
4396	0
4397	0
4398	0
4399	0
4400	0
4401	0
4402	0
4403	0
4404	0
4405	0
4407	1
4408	0
4409	1
4410	0
4411	0
4412	0
4413	0
4414	0
4415	0
4416	0
4417	1
4418	1
4419	0
4420	1
4421	1
4422	1
4423	0
4424	1
4425	2
4427	1
4428	1
4429	0
4430	0
4435	1
4436	1
4437	1
4438	2
4439	1
4440	1
4442	1
4443	0
4444	0
4445	0
4446	0
4449	0
4450	0
4451	0
4452	0
4453	0
4454	0
4455	0
4456	0
4457	0
4458	0
4459	0
4460	0
4461	0
4462	1
4463	0
4464	1
4465	1
4466	0
4467	0
4468	1
4469	1
4472	0
4473	1
4474	0
4475	0
4476	0
4479	0
4480	0
4481	0
4482	1
4483	0
4484	0
4485	0
4486	0
4487	0
4488	0
4489	0
4490	0
4491	0
4493	0
4494	0
4495	0
4496	0
4497	0
4498	0
4499	1
4500	1
4501	0
4502	0
4503	0
4504	0
4505	0
4506	0
4507	0
4508	1
4509	0
4510	0
4511	1
4512	1
4514	1
4515	1
4516	1
4517	1
4518	1
4519	1
4520	1
4521	0
4522	1
4523	1
4525	1
4526	1
4528	1
4530	1
4531	1
4532	1
4534	1
4535	1
4538	1
4539	1
4540	1
4541	1
4542	1
4543	1
4544	0
4545	0
4546	0
4547	0
4548	0
4549	0
4550	0
4551	1
4552	0
4553	0
4554	0
4555	0
4556	0
4557	0
4558	0
4559	0
4560	0
4561	0
4562	0
4563	0
4564	0
4565	0
4566	0
4567	0
4568	0
4569	0
4570	0
4571	0
4572	0
4573	0
4574	0
4575	0
4576	0
4577	0
4578	0
4579	0
4580	0
4581	0
4582	0
4583	0
4584	0
4585	0
4586	0
4587	0
4588	0
4589	0
4590	0
4591	0
4592	0
4593	0
4594	0
4595	0
4596	0
4597	0
4598	0
4599	0
4600	0
4601	0
4602	0
4603	0
4604	0
4605	0
4606	0
4607	0
4608	0
4609	0
4610	0
4611	0
4612	0
4613	0
4614	0
4615	0
4616	0
4617	0
4618	0
4619	0
4620	0
4621	0
4623	1
4624	0
4625	0
4626	0
4627	0
4629	0
4630	0
4631	0
4632	0
4633	0
4634	0
4635	0
4636	0
4637	0
4638	0
4639	0
4640	0
4641	0
4642	0
4643	0
4644	0
4645	0
4646	0
4647	0
4648	0
4649	0
4651	0
4652	0
4653	0
4654	0
4655	0
4656	0
4657	0
4658	0
4659	0
4660	0
4661	0
4662	0
4663	0
4664	0
4665	0
4666	0
4667	0
4668	0
4669	0
4670	0
4671	0
4672	0
4673	0
4674	0
4675	0
4676	0
4677	0
4678	0
4679	0
4680	0
4681	0
4682	0
4683	0
4684	0
4685	0
4686	1
4687	1
4688	0
4689	0
4690	0
4691	0
4692	0
4693	0
4694	0
4695	0
4696	0
4697	0
4699	0
4700	0
4701	0
4702	0
4703	0
4704	0
4705	0
4706	0
4707	0
4708	0
4709	0
4710	0
4711	0
4712	0
4713	0
4714	0
4715	0
4716	0
4717	0
4718	0
4719	0
4720	0
4721	0
4722	0
4723	0
4724	0
4725	0
4726	0
4727	0
4728	0
4729	0
4730	0
4731	0
4732	0
4752	0
4753	0
4772	0
4773	0
4775	0
4777	0
4778	0
4779	0
4780	0
4781	0
4782	0
4783	0
4784	0
4785	0
4786	0
4787	0
4788	1
4789	1
4791	0
4792	0
4794	0
4795	0
4798	1
4799	1
4802	1
4803	1
4805	1
4807	1
4809	1
4810	1
4811	1
4812	1
4813	1
4814	1
4815	1
4816	1
4818	1
4819	1
4820	1
4821	1
4822	1
4823	1
4824	1
4825	1
4827	1
4829	1
4830	1
4831	1
4832	1
4834	0
4841	0
4842	2
4844	1
4845	1
4846	1
4847	1
4848	1
4849	1
4850	1
4851	1
4852	1
4853	1
4854	1
4855	1
4856	1
4857	1
4860	1
4861	1
4862	1
4863	1
4872	1
4875	0
4876	0
4877	0
4878	0
4879	0
4880	0
4881	0
4882	0
4883	0
4884	0
4885	0
4886	0
4887	1
4888	0
4889	0
4890	0
4891	0
4892	0
4893	0
4894	0
4895	0
4896	0
4897	0
4898	0
4899	0
4900	0
4901	0
4902	0
4921	0
4922	0
4923	0
4924	0
4926	0
4941	0
4942	0
4943	0
4944	0
4945	0
4946	0
4947	0
4948	0
4949	3
4950	0
4951	0
4952	0
4953	0
4954	0
4955	0
4957	0
4958	0
4959	0
4960	0
4961	0
4962	0
4963	0
4964	0
4965	0
4966	0
4967	0
4968	3
4969	0
4970	0
4971	0
4972	0
4973	0
4974	0
4975	0
4976	0
4977	0
4978	1
4979	0
4980	0
4981	0
4982	0
4983	0
4984	0
4985	0
4986	0
4987	0
4988	0
4989	0
4990	0
4991	0
4992	0
4993	0
4994	0
4995	0
4996	0
4997	0
4998	0
4999	0
5000	0
5001	0
5002	0
5003	0
5004	0
5005	0
5006	0
5007	0
5008	0
5009	0
5010	0
5011	0
5012	0
5013	0
5014	0
5015	0
5016	0
5017	0
5018	0
5019	0
5020	0
5021	0
5022	0
5023	0
5024	0
5026	0
5027	0
5028	0
5029	0
5030	0
5031	0
5032	0
5033	0
5034	0
5035	0
5036	0
5037	0
5038	0
5039	0
5040	0
5041	0
5042	0
5043	0
5044	0
5045	0
5046	0
5047	0
5048	1
5049	0
5050	0
5051	0
5052	0
5053	0
5054	0
5055	0
5056	1
5057	0
5058	0
5059	0
5060	0
5061	0
5062	0
5063	0
5064	0
5081	0
5082	0
5083	0
5084	0
5085	0
5086	0
5087	0
5088	0
5089	0
5090	0
5091	0
5092	0
5093	0
5094	0
5095	0
5096	0
5097	0
5098	0
5099	0
5100	0
5101	0
5102	0
5103	0
5104	0
5105	0
5106	0
5107	0
5108	0
5109	0
5110	0
5111	0
5112	0
5113	0
5114	0
5115	0
5116	0
5117	0
5118	1
5119	0
5120	0
5121	0
5122	0
5123	0
5124	0
5125	0
5126	0
5127	0
5128	0
5129	0
5130	0
5131	0
5132	0
5133	0
5134	0
5135	0
5137	0
5138	0
5139	0
5140	0
5141	0
5142	0
5143	0
5144	0
5145	0
5146	0
5147	0
5148	0
5149	0
5150	0
5151	0
5152	0
5153	0
5154	0
5155	0
5156	0
5157	0
5158	0
5159	0
5160	0
5161	0
5162	0
5163	0
5164	0
5165	0
5166	0
5167	0
5169	0
5170	0
5171	0
5172	0
5173	0
5174	0
5175	0
5177	0
5178	0
5184	0
5185	1
5186	1
5187	0
5188	0
5189	0
5190	0
5191	0
5192	0
5193	0
5194	0
5195	0
5196	0
5197	0
5198	0
5199	0
5200	0
5201	0
5202	0
5204	0
5224	1
5225	1
5226	1
5228	1
5229	0
5231	0
5232	0
5234	0
5235	1
5236	0
5237	0
5238	0
5239	0
5240	0
5241	0
5243	1
5244	0
5245	0
5246	0
5247	0
5249	0
5251	0
5253	0
5254	0
5255	0
5256	1
5258	0
5259	1
5260	0
5261	1
5262	0
5263	1
5264	0
5267	1
5268	0
5269	1
5270	1
5271	1
5272	0
5273	1
5274	0
5276	0
5277	1
5278	0
5280	1
5283	1
5286	0
5287	0
5288	0
5291	1
5292	0
5293	0
5295	0
5296	0
5297	0
5299	0
5300	0
5304	0
5305	0
5306	0
5307	0
5308	0
5312	1
5314	1
5315	1
5317	1
5319	1
5320	1
5326	0
5327	0
5328	0
5331	0
5332	0
5333	0
5334	0
5335	0
5336	0
5337	0
5343	4
5345	4
5346	4
5347	4
5348	4
5349	4
5350	4
5352	4
5353	0
5354	4
5355	0
5356	4
5357	1
5358	1
5359	1
5360	1
5361	1
5362	0
5363	0
5364	0
5366	0
5367	2
5384	0
5385	0
5386	0
5387	0
5388	0
5389	0
5390	0
5391	0
5392	0
5393	0
5394	0
5395	0
5396	0
5397	0
5398	0
5399	2
5400	2
5401	1
5402	1
5403	0
5404	0
5405	0
5406	0
5407	0
5409	0
5411	0
5412	0
5413	0
5414	0
5415	0
5416	0
5418	0
5419	0
5420	0
5421	0
5422	0
5423	0
5424	0
5425	0
5426	0
5427	0
5428	0
5429	0
5430	0
5431	0
5432	1
5433	0
5434	1
5435	1
5436	0
5437	0
5438	0
5439	0
5440	0
5441	0
5442	0
5443	0
5444	0
5445	0
5446	0
5447	0
5448	0
5449	0
5450	0
5451	0
5452	0
5453	0
5454	0
5455	0
5456	0
5457	0
5458	0
5459	0
5460	0
5461	0
5462	0
5464	0
5465	0
5466	1
5467	1
5468	1
5469	1
5470	1
5471	0
5472	0
5473	0
5474	0
5475	0
5476	0
5477	0
5479	0
5480	0
5481	0
5482	0
5483	0
5484	0
5485	0
5489	0
5490	0
5491	0
5492	0
5493	0
5494	0
5495	0
5496	0
5497	0
5498	0
5499	0
5500	0
5501	0
5502	0
5503	0
5504	0
5505	0
5506	0
5507	0
5508	0
5509	0
5510	0
5511	0
5512	0
5513	0
5514	0
5515	0
5516	0
5517	0
5518	0
5519	0
5520	0
5521	0
5522	0
5523	0
5524	0
5525	0
5526	0
5542	0
5543	0
5544	0
5546	0
5547	0
5548	0
5549	0
5550	0
5551	0
5552	0
5553	0
5554	0
5555	0
5556	0
5557	0
5558	0
5559	0
5560	0
5561	0
5562	0
5563	0
5564	0
5565	0
5566	0
5567	0
5568	0
5569	0
5570	0
5587	0
5588	0
5589	0
5590	0
5591	0
5592	0
5593	0
5594	0
5595	0
5596	0
5597	0
5598	0
5599	0
5600	0
5601	0
5602	0
5603	0
5604	0
5605	0
5606	0
5607	0
5608	0
5609	0
5610	0
5611	0
5612	0
5613	0
5614	0
5615	0
5616	0
5617	0
5618	0
5620	0
5621	0
5622	0
5623	0
5624	0
5625	0
5626	0
5627	0
5628	1
5629	0
5630	0
5631	0
5632	0
5633	1
5634	0
5635	0
5636	0
5637	0
5638	0
5639	0
5640	0
5641	0
5642	0
5643	0
5644	0
5645	1
5646	1
5647	1
5648	1
5649	1
5650	1
5651	0
5652	0
5653	0
5654	0
5655	0
5656	0
5657	0
5658	0
5659	0
5660	0
5661	0
5662	0
5663	0
5664	0
5665	0
5666	0
5667	0
5668	0
5669	0
5670	0
5671	0
5672	0
5674	0
5675	0
5676	0
5677	0
5678	0
5679	0
5680	0
5681	0
5682	0
5683	0
5685	0
5686	0
5687	0
5688	0
5689	0
5690	0
5691	0
5692	0
5693	0
5694	0
5695	0
5696	0
5697	0
5698	0
5699	0
5700	0
5701	0
5702	0
5703	0
5704	0
5705	0
5706	0
5707	0
5708	1
5709	1
5710	1
5711	1
5712	1
5713	1
5714	1
5715	1
5716	1
5717	1
5718	1
5719	1
5720	1
5721	1
5722	1
5723	0
5724	0
5725	0
5726	0
5727	0
5728	0
5729	0
5730	0
5731	0
5732	0
5733	0
5734	0
5735	0
5736	0
5737	0
5738	0
5739	0
5740	0
5741	0
5742	0
5743	0
5744	0
5745	0
5746	0
5747	0
5748	0
5749	0
5750	0
5752	0
5753	0
5754	0
5755	1
5756	1
5757	0
5758	0
5759	0
5760	1
5761	1
5762	1
5763	0
5764	0
5765	0
5766	0
5767	0
5768	0
5769	0
5770	0
5771	0
5772	0
5773	0
5774	0
5775	1
5776	1
5777	1
5778	1
5779	1
5780	1
5781	0
5782	1
5783	0
5784	0
5785	2
5786	4
5787	4
5788	1
5789	2
5790	2
5791	1
5792	0
5793	2
5794	2
5795	2
5796	2
5797	2
5798	2
5799	2
5800	2
5801	0
5806	0
5807	4
5808	4
5809	4
5810	0
5811	0
5812	0
5813	0
5814	0
5815	0
5816	0
5817	0
5818	0
5819	0
5820	0
5821	0
5822	2
5823	4
5824	2
5825	0
5826	4
5827	2
5828	2
5829	4
5830	2
5831	2
5832	4
5833	1
5834	4
5835	4
5836	4
5837	4
5838	4
5839	0
5840	0
5841	2
5842	2
5843	0
5844	0
5846	0
5847	4
5848	4
5849	4
5850	0
5851	2
5852	0
5853	0
5854	0
5855	0
5856	0
5857	0
5858	0
5859	2
5860	1
5861	1
5862	1
5863	4
5864	2
5865	4
5866	0
5867	0
5868	0
5870	0
5871	0
5872	1
5873	0
5874	0
5875	0
5876	0
5877	0
5878	0
5879	0
5880	0
5881	0
5882	0
5883	0
5884	0
5885	0
5886	0
5887	0
5888	0
5889	0
5890	0
5891	0
5892	0
5893	0
5894	0
5895	0
5896	0
5897	0
5898	0
5899	0
5900	0
5901	0
5902	0
5903	0
5904	0
5905	0
5906	0
5907	0
5908	0
5909	0
5910	0
5911	0
5912	2
5913	0
5914	0
5915	2
5916	2
5917	0
5918	0
5919	0
5920	0
5921	0
5922	0
5923	0
5924	0
5925	0
5926	0
5927	0
5928	2
5929	0
5930	2
5931	2
5932	2
5933	4
5934	2
5935	2
5936	0
5937	2
5938	0
5939	0
5940	0
5941	0
5942	0
5943	0
5944	0
5945	1
5946	0
5947	0
5948	0
5949	0
5950	0
5951	0
5952	0
5953	0
5954	0
5955	0
5956	0
5957	0
5958	0
5959	0
5960	0
5961	0
5962	0
5963	0
5964	0
5965	0
5966	0
5967	0
5968	0
5969	0
5970	0
5971	0
5972	0
5973	0
5974	0
5975	0
5976	0
5977	0
5978	0
5979	0
5980	0
5981	0
5982	0
5983	0
5984	0
5985	0
5986	0
5987	0
5988	0
5989	0
5990	0
5991	0
5992	0
5993	0
5994	0
5995	0
5996	0
5997	0
5998	0
5999	0
6000	0
6001	0
6002	0
6003	0
6004	0
6005	0
6006	0
6007	0
6008	0
6009	0
6010	0
6011	0
6012	0
6013	0
6014	0
6015	0
6016	0
6017	0
6018	0
6019	0
6020	0
6021	1
6022	0
6023	0
6026	1
6027	0
6028	0
6030	0
6031	0
6032	0
6033	0
6034	0
6035	1
6036	0
6046	0
6047	0
6066	0
6067	0
6068	0
6069	0
6070	0
6071	0
6072	0
6073	0
6074	0
6075	0
6076	0
6086	0
6087	0
6089	0
6090	0
6091	0
6092	0
6093	0
6094	0
6106	0
6107	0
6108	0
6109	3
6110	0
6111	0
6112	0
6113	0
6114	0
6115	0
6116	0
6117	0
6118	4
6119	0
6120	0
6121	0
6122	0
6123	0
6124	0
6125	0
6126	0
6127	0
6128	0
6129	1
6130	1
6131	1
6132	1
6133	0
6134	1
6135	0
6136	0
6137	0
6138	0
6139	0
6140	1
6141	0
6142	0
6143	1
6144	1
6145	0
6146	1
6147	1
6148	1
6166	0
6167	0
6168	1
6169	0
6170	0
6171	0
6172	0
6173	0
6174	0
6175	0
6176	0
6177	0
6178	0
6179	0
6180	0
6181	0
6182	0
6183	0
6184	0
6185	0
6186	0
6187	0
6188	0
6189	0
6190	0
6193	0
6194	0
6195	0
6196	0
6197	0
6198	0
6199	0
6200	0
6201	0
6202	0
6206	1
6207	0
6208	1
6209	1
6210	1
6211	1
6212	1
6213	1
6214	1
6215	1
6218	1
6219	1
6220	1
6221	0
6222	0
6223	1
6224	0
6225	1
6226	1
6227	1
6228	2
6229	1
6230	1
6231	1
6232	1
6233	1
6234	1
6235	1
6236	0
6237	0
6238	0
6239	1
6240	0
6241	0
6242	0
6243	1
6244	0
6245	0
6246	0
6247	0
6248	0
6249	0
6250	0
6251	0
6252	0
6253	0
6254	0
6266	0
6267	0
6268	0
6269	0
6270	0
6271	0
6272	0
6286	0
6287	0
6288	0
6289	0
6290	0
6291	0
6292	0
6293	0
6294	0
6295	0
6296	0
6297	0
6298	0
6299	0
6300	0
6301	0
6306	0
6326	0
6327	0
6328	0
6329	1
6346	0
6347	0
6348	0
6349	0
6350	0
6351	0
6352	0
6366	0
6367	0
6368	0
6369	0
6370	0
6371	0
6372	0
6373	0
6374	0
6375	0
6376	0
6377	0
6378	0
6379	0
6380	0
6382	0
6386	0
6387	0
6388	0
6389	0
6390	0
6391	1
6392	1
6393	0
6394	0
6395	0
6407	1
6408	0
6410	0
6411	0
6412	0
6426	1
6427	1
6446	0
6466	0
6467	0
6486	0
6487	1
6488	2
6489	2
6490	2
6491	0
6492	0
6493	1
6494	0
6495	0
6496	0
6497	0
6498	1
6499	1
6500	1
6501	1
6502	1
6503	1
6504	1
6505	0
6506	0
6507	0
6508	0
6509	0
6510	0
6511	0
6512	0
6513	0
6514	0
6516	0
6517	0
6518	0
6519	0
6520	0
6521	0
6522	0
6523	1
6526	0
6527	0
6546	0
6547	0
6548	0
6549	1
6550	0
6551	0
6552	0
6553	0
6554	0
6555	0
6556	0
6557	0
6559	0
6560	1
6561	1
6566	0
6567	0
6568	0
6569	0
6570	0
6571	0
6572	0
6573	0
6574	0
6575	0
6576	0
6577	0
6578	0
6579	0
6581	4
6582	4
6583	2
6584	2
6585	4
6586	0
6606	0
6607	0
6626	0
6646	2
6647	4
6648	4
6649	4
6650	4
6651	4
6652	4
6653	0
6666	0
6667	0
6668	0
6669	1
6670	0
6687	0
6688	0
6706	1
6707	0
6726	1
6727	0
6728	0
6729	0
6730	0
6731	0
6732	0
6733	1
6734	0
6735	0
6736	0
6737	0
6738	0
6739	0
6740	0
6741	0
6746	0
6747	0
6748	0
6749	0
6766	0
6767	1
6768	0
6769	0
6770	0
6771	0
6772	0
6773	0
6774	0
6775	0
6776	0
6777	0
6778	0
6779	0
6780	0
6781	0
6782	0
6783	0
6784	0
6785	0
6786	0
6787	0
6788	0
6789	0
6790	0
6791	0
6806	0
6807	0
6826	0
6827	0
6846	0
6866	0
6867	0
6868	0
6886	0
6887	0
6906	1
6907	1
6908	1
6909	0
6910	1
6911	0
6912	0
6913	0
6926	0
6927	0
6928	0
6929	0
6930	0
6931	0
6932	0
6946	0
6966	0
6986	0
6987	0
7006	0
7007	0
7008	0
7009	1
7010	0
7011	0
7012	0
7013	0
7014	0
7015	4
7016	4
7017	4
7022	1
7023	1
7024	0
7025	0
7026	0
7027	0
7028	0
7029	0
7030	1
7031	0
7032	0
7033	0
7034	0
7035	0
7036	0
7037	0
7038	0
7039	0
7040	1
7041	1
7042	1
7043	1
7044	1
7045	1
7046	1
7047	0
7048	0
7049	0
7050	0
7051	0
7052	0
7053	1
7055	0
7056	0
7057	2
7067	0
7068	1
7069	1
7070	1
7071	1
7072	1
7073	0
7074	0
7075	1
7076	0
7077	0
7078	0
7079	1
7086	0
7087	0
7088	0
7089	0
7091	0
7092	0
7093	0
7094	0
7095	0
7096	0
7097	0
7098	0
7099	0
7100	0
7101	0
7104	2
7105	0
7106	0
7107	0
7108	0
7109	0
7110	0
7111	0
7112	0
7113	0
7114	0
7115	0
7116	0
7117	0
7118	0
7119	0
7120	0
7121	0
7122	0
7123	0
7124	0
7125	0
7126	0
7127	0
7128	0
7129	0
7130	0
7131	0
7132	0
7133	0
7134	0
7135	1
7136	1
7137	2
7138	0
7139	0
7143	0
7144	0
7146	0
7149	0
7150	0
7151	0
7152	0
7153	0
7154	0
7155	0
7156	0
7157	0
7158	0
7161	0
7166	0
7167	0
7168	0
7170	1
7172	0
7173	0
7174	0
7175	0
7186	0
7206	1
7207	0
7208	0
7209	0
7226	0
7227	1
7228	1
7229	1
7230	0
7231	0
7232	0
7233	1
7234	0
7235	0
7236	0
7246	1
7247	1
7266	0
7267	1
7268	1
7269	0
7270	1
7271	1
7272	1
7273	1
7274	1
7275	1
7276	0
7286	1
7287	0
7288	1
7290	1
7291	1
7292	0
7293	0
7294	0
7295	0
7296	0
7297	0
7298	0
7307	0
7308	0
7309	0
7310	0
7311	0
7312	0
7313	0
7314	0
7315	0
7316	0
7317	0
7318	0
7319	0
7320	1
7321	1
7322	0
7323	0
7324	0
7325	0
7327	1
7328	1
7329	1
7332	1
7333	0
7334	0
7335	1
7337	1
7340	0
7341	1
7342	1
7343	0
7344	0
7345	1
7346	0
7347	1
7348	1
7349	0
7351	1
7352	1
7353	1
7354	1
7355	1
7356	1
7357	1
7358	1
7360	0
7361	1
7363	0
7364	0
7365	0
7366	0
7367	0
7368	0
7369	0
7370	0
7371	0
7372	0
7373	0
7374	0
7375	0
7376	0
7377	0
7378	0
7379	0
7380	0
7381	0
7382	0
7383	0
7384	0
7385	0
7386	0
7387	0
7388	0
7389	0
7390	0
7391	0
7392	0
7393	0
7394	0
7395	0
7396	0
7397	0
7398	0
7399	0
7400	0
7401	0
7402	0
7403	0
7404	0
7405	0
7406	0
7407	0
7408	0
7409	0
7410	1
7411	0
7412	0
7413	0
7414	0
7415	0
7416	0
7423	0
7424	0
7425	0
7427	1
7428	1
7429	1
7430	0
7431	0
7432	0
7433	0
7434	0
7435	1
7436	1
7437	1
7438	0
7439	0
7440	0
7441	0
7442	0
7443	0
7444	0
7445	0
7446	0
7447	0
7448	0
7449	0
7450	0
7451	0
7452	0
7453	0
7454	0
7455	0
7456	0
7457	0
7458	0
7459	0
7460	0
7461	1
7462	1
7463	1
7464	0
7465	0
7466	0
7467	0
7468	0
7469	0
7483	0
7484	0
7485	0
7486	0
7487	0
7488	0
7489	0
7503	0
7504	0
7505	0
7506	0
7507	0
7508	0
7509	0
7523	0
7524	0
7525	0
7526	0
7527	0
7528	0
7543	0
7544	0
7545	0
7546	0
7547	0
7548	0
7549	0
7550	0
7551	0
7552	0
7553	0
7554	0
7555	0
7556	0
7557	0
7558	0
7559	0
7560	0
7561	0
7562	0
7563	0
7564	0
7565	0
7566	0
7567	0
7568	0
7569	0
7570	0
7572	0
7583	0
7584	0
7603	0
7604	1
7605	1
7606	1
7607	1
7608	1
7623	0
7624	0
7643	0
7663	0
7664	1
7665	1
7666	1
7667	1
7668	0
7669	0
7670	0
7671	0
7683	0
7684	0
7686	0
7687	0
7689	0
7690	0
7703	0
7704	0
7706	0
7707	0
7708	0
7709	0
7710	0
7711	0
7712	0
7713	0
7714	0
7724	0
7725	0
7726	0
7727	0
7728	1
7729	0
7730	0
7731	0
7732	0
7733	0
7734	1
7735	1
7736	0
7737	0
7738	0
7739	0
7740	0
7743	0
7744	0
7745	0
7746	0
7747	0
7748	0
7749	0
7750	0
7763	0
7764	0
7765	0
7766	0
7767	0
7768	0
7769	0
7770	0
7771	0
7772	0
7773	0
7774	0
7775	0
7776	0
7777	0
7778	0
7779	0
7780	0
7783	0
7784	0
7785	0
7786	0
7787	0
7788	0
7789	1
7790	0
7791	1
7792	0
7793	0
7794	0
7795	1
7796	1
7797	1
7798	0
7799	0
7800	1
7801	0
7802	0
7803	0
7804	0
7805	0
7806	0
7807	0
7808	0
7809	0
7823	1
7824	1
7825	0
7826	0
7843	0
7844	0
7845	0
7846	3
7847	0
7848	0
7849	0
7850	0
7851	1
7852	0
7853	0
7854	0
7855	0
7856	0
7857	0
7858	0
7863	0
7864	0
7865	0
7866	0
7867	0
7868	0
7869	0
7870	0
7871	0
7872	1
7873	1
7874	1
7875	1
7876	0
7877	0
7878	0
7879	0
7880	0
7881	0
7882	0
7883	0
7884	0
7885	0
7886	0
7895	2
7896	0
7897	0
7898	0
7899	0
7900	0
7901	0
7902	0
7903	0
7904	0
7906	0
7907	0
7915	0
7916	0
7917	0
7918	0
7919	0
7935	0
7936	0
7937	3
7938	0
7939	0
7940	0
7941	0
7942	0
7943	0
7944	0
7945	0
7946	0
7947	0
7948	0
7949	0
7950	0
7951	0
7952	0
7953	0
7954	0
7955	0
7956	0
7957	0
7975	0
7976	0
7977	1
7978	0
7980	0
7995	1
7996	1
7997	0
7998	1
7999	3
8001	0
8015	0
8016	0
8017	0
8018	1
8019	1
8020	1
8021	0
8022	0
8023	0
8024	0
8025	0
8026	0
8035	0
8055	0
8075	1
8095	1
8096	0
8115	0
8116	0
8117	0
8118	0
8119	0
8120	1
8121	0
8122	0
8123	0
8124	0
8125	0
8126	0
8127	1
8128	0
8129	0
8130	1
8131	0
8136	0
8137	0
8138	0
8139	0
8140	0
8141	0
8142	0
8143	0
8144	0
8145	0
8146	0
8147	0
8148	0
8149	1
8150	0
8151	0
8152	0
8153	0
8154	0
8155	0
8156	1
8157	0
8158	0
8159	0
8160	0
8161	0
8176	0
8177	0
8178	0
8179	0
8196	1
8197	1
8198	1
8199	2
8200	2
8201	4
8202	4
8203	4
8204	4
8205	4
8206	2
8207	4
8208	4
8210	4
8211	4
8212	4
8213	4
8214	4
8215	2
8216	4
8217	2
8218	4
8219	4
8236	0
8256	0
8257	0
8276	0
8277	4
8278	4
8279	4
8280	4
8281	4
8282	2
8283	4
8284	0
8296	4
8297	4
8298	4
8299	4
8300	4
8301	4
8302	4
8303	4
8304	4
8305	0
8306	0
8307	0
8308	0
8309	0
8310	0
8311	0
8316	0
8317	1
8318	0
8319	0
8320	0
8321	0
8322	0
8323	0
8324	0
8336	1
8337	0
8338	0
8356	0
8357	0
8358	0
8359	0
8360	0
8361	0
8362	0
8363	0
8364	0
8376	0
8377	0
8378	0
8379	0
8380	0
8381	0
8382	0
8383	1
8384	1
8385	0
8386	0
8387	0
8388	0
8389	0
8390	0
8391	1
8392	0
8393	0
8394	0
8395	0
8396	0
8397	0
8398	0
8399	0
8400	1
8401	0
8402	0
8403	0
8404	0
8405	0
8406	0
8407	0
8408	0
8409	0
8416	0
8417	0
8418	0
8419	1
8420	0
8421	0
8436	0
8437	0
8438	1
8439	0
8440	1
8441	0
8442	0
8443	1
8444	0
8446	0
8447	1
8477	0
8478	0
8479	1
8480	1
8496	0
8497	1
8498	0
8499	0
8500	1
8501	0
8502	1
8503	4
8504	1
8505	0
8506	0
8507	0
8508	0
8509	0
8510	0
8516	0
8517	0
8518	1
8519	0
8520	0
8521	0
8522	0
8523	0
8524	0
8525	0
8526	0
8527	0
8528	0
8529	0
8530	0
8531	0
8532	0
8534	0
8535	0
8536	0
8537	0
8538	0
8539	0
8540	0
8541	0
8542	0
8543	0
8544	0
8545	0
8546	0
8547	0
8548	0
8549	0
8550	0
8551	0
8552	0
8553	0
8554	0
8555	0
8556	0
8557	0
8558	0
8559	0
8560	0
8561	0
8562	0
8563	0
8564	0
8565	0
8566	0
8567	1
8576	0
8578	0
8579	0
8580	1
8581	0
8582	0
8583	0
8584	0
8585	0
8586	0
8587	0
8588	0
8596	0
8597	0
8598	0
8599	0
8600	0
8601	0
8602	0
8603	0
8605	0
8606	0
8607	0
8608	0
8609	1
8610	1
8611	0
8612	0
8613	0
8615	0
8616	0
8617	0
8636	1
8637	0
8656	0
8657	0
8658	0
8659	0
8660	4
8661	0
8662	0
8663	1
8664	0
8665	0
8666	0
8667	0
8668	0
8669	0
8670	0
8671	0
8672	0
8673	0
8674	0
8675	0
8676	0
8677	0
8678	0
8679	0
8680	3
8681	0
8696	0
8716	1
8717	1
8718	1
8719	0
8720	0
8721	0
8722	0
8723	0
8724	0
8736	0
8737	0
8738	0
8756	1
8757	1
8758	1
8759	0
8760	0
8761	0
8762	0
8763	0
8764	0
8765	0
8766	0
8767	0
8776	0
8777	0
8796	0
8816	0
8836	0
8837	0
8856	0
8876	0
8877	0
8878	0
8879	0
8880	0
8881	0
8882	0
8883	0
8884	0
8885	0
8886	0
8887	0
8888	0
8889	1
8890	1
8891	1
8892	1
8893	1
8894	1
8895	1
8896	0
8897	0
8898	1
8899	1
8900	0
8901	0
8902	0
8903	1
8904	0
8905	1
8906	1
8907	1
8908	1
8909	1
8910	1
8911	1
8912	1
8913	1
8914	1
8915	0
8916	0
8917	0
8920	0
8921	0
8922	0
8923	2
8924	2
8925	0
8926	0
8927	0
8928	0
8929	1
8931	0
8932	0
8933	0
8934	0
8935	0
8937	0
8956	0
8957	0
8958	0
8959	0
8960	0
8961	0
8962	0
8963	0
8964	1
8965	0
8976	2
8977	0
8978	4
8979	4
8980	0
8981	4
8982	1
8983	1
8996	0
8997	0
8999	0
9016	1
9017	1
9018	1
9019	1
9020	1
9021	1
9022	1
9023	1
9024	2
9025	2
9026	1
9027	1
9028	1
9029	1
9030	1
9031	1
9032	1
9033	1
9034	1
9035	1
9036	1
9037	1
9038	1
9039	1
9040	1
9041	2
9042	2
9043	1
9044	1
9045	1
9046	2
9047	0
9056	1
9076	0
9077	0
9078	0
9079	0
9080	0
9081	0
9082	0
9083	0
9084	0
9085	0
9086	0
9087	0
9095	3
9096	1
9097	1
9098	1
9099	0
9116	0
9117	0
9118	0
9119	0
9136	0
9156	1
9157	0
9158	0
9162	0
9163	0
9164	0
9165	0
9166	0
9167	0
9176	0
9177	0
9178	0
9179	0
9180	0
9196	1
9197	1
9198	1
9199	1
9200	1
9201	1
9216	1
9217	2
9218	2
9219	2
9236	1
9237	1
9238	0
9239	1
9240	1
9241	1
9256	0
9257	1
9258	1
9259	1
9260	1
9261	1
9262	1
9263	1
9264	1
9265	1
9266	1
9267	1
9268	1
9269	1
9270	0
9271	0
9272	0
9273	0
9274	0
9275	0
9276	0
9296	0
9297	0
9298	0
9299	0
9316	0
9317	0
9318	0
9319	1
9336	0
9356	0
9376	1
9377	0
9396	0
9397	0
9398	1
9416	0
9417	2
9436	0
9437	1
9438	1
9439	1
9441	1
9442	1
9443	1
9445	1
9447	1
9448	1
9449	1
9450	1
9451	1
9452	1
9453	0
9454	0
9456	1
9457	0
9458	0
9459	1
9460	0
9461	1
9462	0
9464	0
9465	0
9467	0
9476	1
9477	0
9496	0
9498	0
9499	1
9500	1
9501	0
9502	1
9503	0
9516	1
9517	0
9518	0
9520	1
9521	1
9522	1
9523	0
9524	0
9525	0
9526	1
9527	0
9528	0
9529	0
9536	0
9537	1
9538	0
9539	0
9540	0
9541	1
9542	0
9543	1
9544	0
9545	0
9546	0
9547	0
9548	0
9549	0
9550	0
9551	0
9552	0
9553	0
9554	1
9555	0
9556	0
9557	0
9558	0
9559	0
9560	0
9561	0
9562	0
9563	0
9564	0
9565	0
9566	0
9567	0
9568	1
9576	0
9577	0
9578	0
9579	0
9580	0
9581	0
9582	0
9583	1
9584	0
9596	2
9598	0
9599	0
9600	0
9601	0
9602	4
9604	4
9605	0
9616	0
9617	0
9618	0
9619	0
9620	0
9621	0
9622	0
9623	0
9636	0
9637	0
9656	0
9657	0
9658	0
9659	0
9660	0
9662	0
9676	0
9677	1
9678	1
9679	1
9680	1
9681	1
9682	1
9683	0
9684	0
9686	0
9687	0
9688	0
9689	0
9690	0
9691	0
9692	1
9693	1
9694	0
9695	0
9696	0
9697	0
9698	0
9699	0
9700	0
9701	0
9702	0
9703	0
9704	0
9705	0
9706	0
9707	0
9708	0
9716	1
9717	1
9718	2
9736	2
9776	0
9777	0
9778	0
9779	0
9796	0
9816	3
9817	1
9818	1
9819	1
9820	0
9836	0
9837	0
9856	0
9857	0
9858	0
9859	0
9860	0
9861	0
9862	0
9876	0
9877	0
9878	0
9879	0
9896	0
9916	0
9936	0
9937	0
9938	1
9956	0
9976	0
9977	0
9978	0
9979	0
9980	0
9981	0
9982	0
9983	0
9984	0
9985	0
9986	0
9987	0
9988	0
9989	0
9990	0
9996	0
9997	0
9998	0
9999	0
10000	1
10016	0
10017	0
10036	0
10037	0
10038	0
10040	0
10041	0
10042	0
10043	1
10044	0
10045	0
10046	0
10047	0
10048	0
10049	0
10050	0
10051	0
10052	0
10053	0
10054	0
10055	0
10056	0
10057	0
10058	0
10059	0
10060	0
10061	0
10062	0
10063	0
10076	1
10077	4
10078	4
10079	0
10080	2
10081	2
10082	2
10083	1
10084	0
10085	0
10086	0
10088	0
10089	0
10090	0
10096	1
10116	0
10117	0
10118	0
10119	2
10120	1
10136	0
10156	3
10157	0
10158	0
10159	0
10160	0
10161	0
10162	3
10176	0
10177	0
10178	0
10179	0
10180	0
10181	3
10182	1
10183	0
10184	3
10196	2
10197	4
10198	2
10199	4
10200	4
10201	2
10202	2
10203	2
10204	1
10216	0
10217	0
10218	0
10219	0
10220	1
10221	0
10236	4
10237	4
10238	4
10239	2
10256	0
10257	1
10258	1
10259	0
10260	0
10261	0
10262	0
10263	2
10264	1
10265	1
10266	0
10267	0
10268	1
10276	0
10277	0
10278	0
10290	0
10291	0
10292	0
10293	0
10294	0
10295	0
10296	1
10297	0
10298	0
10299	1
10300	0
10301	0
10302	0
10303	0
10304	0
10305	0
10306	0
10307	0
10316	0
10317	1
10318	1
10319	1
10321	1
10322	0
10323	0
10336	0
10337	0
10338	0
10339	1
10340	1
10356	4
10357	4
10358	4
10359	4
10360	1
10361	0
10362	0
10363	3
10364	0
10365	0
10366	1
10367	0
10368	0
10369	0
10370	0
10371	1
10372	1
10373	0
10374	1
10375	0
10376	2
10377	0
10378	1
10379	0
10380	0
10381	1
10382	1
10383	0
10384	1
10385	1
10387	0
10388	0
10389	0
10390	0
10391	0
10393	2
10394	1
10395	1
10397	1
10398	1
10399	0
10400	1
10401	1
10402	1
10403	1
10404	1
10405	1
10406	1
10407	1
10408	1
10409	1
10411	0
10412	1
10413	1
10414	1
10415	1
10416	1
10417	1
10418	1
10419	1
10420	1
10421	1
10422	1
10423	1
10424	1
10425	1
10426	1
10427	0
10428	0
10429	3
10430	3
10431	0
10432	1
10433	1
10435	1
10436	1
10437	1
10438	1
10439	1
10440	1
10441	0
10442	0
10443	0
10444	0
10445	0
10446	0
10447	1
10448	0
10449	0
10450	0
10451	0
10452	0
10453	0
10454	0
10455	0
10456	0
10459	0
10460	0
10461	0
10463	1
10464	1
10466	0
10467	0
10468	0
10469	1
10470	1
10471	1
10472	1
10473	0
10475	1
10476	1
10477	1
10478	1
10479	0
10480	0
10481	0
10482	0
10483	0
10484	0
10485	0
10486	1
10487	1
10488	1
10489	1
10491	1
10492	1
10493	0
10494	0
10495	1
10497	1
10498	1
10499	1
10500	1
10502	1
10503	1
10504	1
10505	1
10506	1
10507	1
10508	1
10509	2
10510	0
10516	1
10536	0
10537	0
10538	1
10539	0
10540	3
10541	0
10556	0
10557	0
10558	2
10559	4
10577	0
10578	0
10579	1
10580	0
10581	1
10582	0
10583	1
10584	2
10596	1
10598	0
10599	0
10600	0
10601	1
10602	1
10603	0
10604	0
10605	0
10606	0
10607	1
10608	1
10610	0
10611	0
10612	0
10616	0
10617	0
10618	0
10619	0
10620	0
10636	0
10637	0
10638	0
10639	4
10640	4
10641	4
10642	4
10643	4
10644	4
10645	0
10646	0
10647	4
10648	0
10656	0
10657	0
10658	0
10659	0
10660	0
10661	0
10662	1
10663	1
10664	1
10665	0
10666	0
10667	0
10668	0
10676	0
10678	0
10680	1
10681	1
10682	0
10683	1
10684	0
10685	0
10696	0
10697	0
10698	0
10699	0
10716	0
10717	0
10718	0
10719	0
10720	0
10721	0
10736	0
10737	1
10738	1
10739	0
10740	1
10741	1
10742	1
10756	0
10757	0
10758	0
10759	0
10760	0
10761	0
10762	1
10776	1
10778	0
10779	0
10780	0
10781	0
10782	0
10783	0
10784	0
10785	0
10786	0
10787	0
10788	0
10789	0
10790	0
10791	0
10792	0
10793	0
10794	0
10795	0
10796	0
10797	0
10798	0
10799	0
10800	0
10801	0
10802	1
10803	0
10804	0
10805	0
10806	1
10807	1
10808	2
10809	2
10810	2
10811	1
10812	1
10813	1
10814	1
10816	0
10817	4
10818	4
10819	4
10820	4
10821	4
10822	4
10823	4
10824	4
10825	4
10826	4
10827	4
10828	2
10836	0
10837	0
10838	0
10839	0
10840	0
10856	0
10857	0
10876	0
10877	0
10878	0
10879	0
10880	0
10881	0
10882	1
10896	0
10897	1
10898	1
10899	1
10901	1
10902	0
10903	0
10904	0
10905	0
10916	0
10917	1
10918	0
10919	0
10920	0
10921	0
10922	0
10923	0
10924	0
10925	0
10926	0
10927	0
10928	0
10929	1
10930	0
10936	0
10937	1
10938	1
10939	1
10940	0
10941	0
10942	3
10943	0
10944	1
10945	0
10946	1
10947	0
10948	0
10949	1
10950	0
10951	0
10952	0
10953	1
10954	1
10955	0
10956	0
10976	0
10977	0
10978	0
10979	0
10980	0
10981	0
10982	0
10983	1
10984	1
10985	1
10986	0
10987	0
10988	0
10989	1
10990	0
10991	0
10992	1
10993	0
10996	1
10997	1
11016	0
11017	0
11018	0
11019	0
11020	0
11021	0
11022	1
11023	1
11024	0
11025	0
11026	0
11027	0
11028	0
11029	0
11030	0
11031	0
11032	1
11033	0
11034	0
11035	0
11036	0
11037	0
11038	0
11039	0
11040	0
11041	0
11042	0
11043	1
11044	0
11045	0
11046	0
11047	0
11048	0
11049	0
11050	0
11051	0
11052	0
11053	0
11054	0
11055	0
11056	0
11057	0
11058	1
11063	0
11064	0
11065	0
11066	0
11067	0
11068	0
11069	0
11070	0
11071	0
11072	0
11073	0
11074	0
11075	0
11076	0
11077	0
11078	0
11079	0
11080	0
11081	0
11082	1
11083	0
11084	0
11096	0
11097	0
11098	0
11099	0
11100	0
11101	0
11102	1
11103	0
11104	0
11105	0
11106	0
11111	0
11116	0
11117	0
11118	0
11119	0
11120	1
11121	1
11122	0
11136	0
11137	0
11138	1
11139	1
11140	0
11141	1
11142	1
11143	1
11144	0
11145	0
11146	0
11147	0
11148	0
11149	0
11150	0
11151	0
11152	0
11153	0
11154	0
11155	0
11156	0
11176	0
11177	0
11178	0
11179	0
11180	0
11181	0
11182	0
11183	0
11184	0
11185	0
11186	0
11187	0
11188	0
11189	0
11190	0
11191	0
11192	0
11193	0
11194	0
11195	0
11196	0
11197	0
11198	0
11199	0
11200	0
11216	0
11217	0
11218	0
11219	0
11236	0
11256	1
11257	1
11258	0
11259	0
11260	0
11261	1
11262	0
11263	0
11276	0
11277	0
11278	0
11279	0
11280	0
11281	0
11282	0
11283	0
11284	1
11285	0
11286	0
11287	0
11288	0
11289	0
11290	0
11291	0
11292	0
11296	0
11316	0
11317	0
11318	1
11319	1
11320	1
11321	1
11322	1
11323	1
11324	1
11325	0
11326	0
11327	0
11328	0
11337	1
11338	1
11339	1
11340	1
11341	1
11342	1
11343	1
11344	1
11345	1
11346	1
11347	1
11348	1
11349	1
11350	1
11351	1
11352	1
11353	1
11354	1
11355	1
11356	1
11357	1
11358	1
11359	1
11360	0
11361	1
11364	1
11365	1
11366	1
11367	1
11368	0
11369	1
11370	1
11371	1
11372	1
11373	1
11374	1
11375	1
11376	1
11377	1
11378	0
11379	1
11380	3
11381	1
11382	3
11383	1
11384	1
11385	1
11386	1
11387	0
11388	0
11389	0
11390	0
11391	0
11392	0
11393	0
11394	0
11395	0
11396	0
11397	0
11398	0
11399	0
11400	0
11401	0
11402	0
11403	0
11404	0
11405	0
11406	0
11407	0
11408	0
11409	0
11410	0
11411	0
11412	0
11413	0
11414	0
11415	0
11416	0
11437	0
11438	0
11439	1
11440	1
11441	1
11442	1
11443	1
11444	1
11445	1
11446	1
11447	2
11448	1
11449	1
11450	1
11451	1
11452	1
11453	1
11454	1
11455	1
11456	1
11457	1
11458	1
11459	1
11460	0
11461	1
11462	1
11463	1
11464	1
11465	1
11466	1
11467	1
11468	1
11469	1
11470	1
11471	1
11472	1
11473	1
11474	1
11475	1
11476	0
11477	0
11478	1
11479	1
11480	1
11481	1
11483	1
11484	1
11486	1
11487	1
11488	1
11489	1
11490	1
11491	1
11492	1
11493	1
11494	1
11495	1
11496	1
11497	2
11498	2
11499	1
11500	1
11501	1
11502	3
11516	0
11517	1
11518	1
11519	1
11520	1
11521	0
11536	0
11537	0
11538	0
11539	0
11540	0
11541	0
11542	0
11543	0
11544	0
11545	0
11546	0
11547	0
11548	0
11549	0
11550	0
11551	1
11552	0
11553	0
11554	0
11555	0
11556	0
11557	0
11558	0
11559	0
11560	0
11561	0
11562	0
11563	0
11564	0
11576	0
11577	0
11578	0
11579	0
11580	4
11581	1
11582	1
11583	3
11596	0
11597	0
11598	0
11599	1
11600	0
11601	1
11602	0
11603	0
11604	0
11605	0
11606	0
11608	0
11609	0
11610	0
11611	0
11613	0
11614	0
11615	0
11616	0
11617	0
11618	0
11619	0
11620	0
11621	0
11622	1
11623	0
11624	0
11625	0
11626	0
11627	0
11628	0
11629	0
11636	0
11637	0
11656	0
11657	0
11658	1
11659	1
11660	1
11661	1
11662	1
11663	1
11664	1
11665	1
11666	1
11667	1
11668	1
11669	1
11670	0
11671	1
11672	1
11673	1
11675	0
11676	1
11677	0
11678	0
11679	1
11680	0
11681	0
11682	0
11683	0
11684	0
11685	0
11686	0
11687	0
11688	4
11689	0
11690	0
11696	0
11697	0
11698	1
11699	0
11700	0
11701	0
11702	0
11703	0
11704	0
11705	0
11706	0
11707	0
11708	0
11709	0
11710	0
11711	0
11712	0
11713	0
11714	0
11715	0
11716	0
11717	0
11718	0
11719	0
11720	0
11721	1
11722	1
11723	1
11724	1
11725	1
11726	1
11727	0
11728	1
11729	1
11730	1
11731	1
11732	1
11733	1
11734	1
11735	0
11736	0
11737	0
11738	0
11739	0
11740	0
11741	0
11742	0
11743	0
11744	0
11745	0
11746	0
11747	0
11748	0
11749	0
11750	0
11751	0
11752	0
11753	0
11754	0
11755	0
11756	0
11757	0
11758	0
11776	0
11777	1
11778	1
11779	1
11780	1
11781	1
11782	1
11783	0
11784	1
11785	1
11786	1
11787	1
11788	1
11789	0
11790	1
11791	1
11792	1
11793	1
11794	1
11795	0
11796	0
11797	0
11798	0
11799	0
11800	0
11801	0
11802	0
11803	0
11804	0
11805	0
11806	0
11807	0
11808	0
11809	0
11810	0
11811	0
11812	0
11813	0
11814	0
11815	0
11816	0
11817	0
11818	0
11819	0
11820	0
11821	0
11822	0
11823	0
11824	0
11825	0
11826	0
11827	0
11828	0
11829	0
11830	1
11831	1
11832	1
11833	0
11834	0
11835	0
11836	0
11837	0
11838	0
11839	0
11840	0
11856	0
11857	0
11858	0
11859	0
11860	0
11861	0
11862	0
11863	0
11864	0
11865	1
11866	1
11867	1
11868	1
11869	1
11870	1
11871	1
11872	0
11873	0
11874	0
11875	0
11876	0
11877	0
11878	1
11880	0
11881	0
11882	0
11883	0
11884	0
11885	1
11886	0
11887	0
11896	1
11897	1
11898	1
11899	1
11900	1
11901	1
11902	0
11903	0
11904	0
11905	0
11906	0
11907	0
11908	0
11909	0
11910	0
11911	0
11912	0
11913	0
11914	0
11915	0
11916	0
11917	0
11918	0
11919	0
11920	1
11921	1
11926	0
11936	0
11937	0
11938	0
11939	0
11940	0
11941	0
11942	0
11943	0
11944	0
11945	0
11946	1
11947	1
11948	1
11949	1
11956	0
11957	0
11958	1
11959	1
11978	3
11979	0
11980	3
11981	3
11982	3
11983	3
11988	3
11994	0
11996	0
11997	0
11998	0
12017	3
12018	3
12019	0
12020	0
12021	0
12022	0
12023	0
12024	0
12025	0
12026	0
12027	0
12028	0
12029	0
12030	0
12031	0
12032	0
12033	0
12034	0
12035	0
12036	0
12037	4
12038	0
12039	0
12040	0
12042	0
12043	0
12044	0
12045	0
12046	0
12047	0
12048	0
12050	0
12051	0
12052	0
12053	0
12054	0
12056	3
12057	3
12076	1
12096	0
12097	0
12098	3
12099	1
12100	1
12101	1
12116	2
12118	3
12119	1
12120	0
12121	1
12122	1
12123	1
12124	1
12125	1
12126	1
12127	0
12128	1
12129	1
12136	0
12137	0
12138	0
12140	0
12141	0
12142	1
12143	1
12144	0
12145	0
12146	0
12147	0
12148	0
12149	0
12150	0
12151	0
12152	0
12156	1
12157	1
12158	1
12159	1
12160	0
12176	0
12177	1
12178	0
12179	0
12180	1
12196	0
12197	1
12198	1
12199	0
12200	1
12201	1
12202	0
12203	1
12204	0
12205	0
12206	1
12207	1
12208	0
12216	0
12217	0
12218	0
12219	1
12220	1
12221	1
12222	1
12223	1
12224	1
12225	1
12236	1
12237	2
12238	1
12239	1
12240	1
12241	1
12242	1
12243	1
12244	0
12245	0
12246	0
12247	0
12248	0
12249	0
12250	0
12251	0
12252	0
12253	0
12254	0
12255	0
12256	0
12257	0
12258	1
12259	3
12260	1
12261	0
12262	1
12263	1
12264	3
12265	1
12276	0
12277	0
12296	0
12297	0
12298	0
12299	0
12317	0
12319	0
12320	0
12321	0
12322	0
12336	0
12337	1
12338	0
12339	1
12340	0
12341	0
12342	0
12343	0
12344	0
12345	0
12346	0
12347	0
12348	0
12349	0
12350	0
12351	0
12352	0
12353	0
12354	0
12355	0
12356	0
12357	0
12358	0
12359	0
12360	0
12361	0
12362	0
12363	0
12364	0
12365	0
12366	0
12367	0
12368	0
12369	0
12370	0
12371	0
12372	0
12373	0
12374	0
12375	0
12376	0
12377	0
12378	0
12379	0
12380	0
12381	0
12382	0
12383	0
12384	0
12385	0
12386	0
12387	0
12396	1
12397	3
12416	1
12417	0
12418	0
12419	0
12420	1
12421	1
12422	1
12423	0
12425	1
12426	0
12427	0
12428	0
12429	0
12430	0
12431	4
12432	4
12433	4
12434	0
12435	3
12457	1
12458	1
12459	1
12460	1
12461	1
12462	1
12463	1
12464	1
12465	1
12466	1
12467	1
12468	1
12469	1
12470	1
12473	0
12474	1
12475	1
12476	1
12477	1
12478	1
12479	1
12480	0
12481	0
12496	1
12497	1
12498	1
12516	0
12517	0
12536	0
12537	0
12557	1
12576	0
12577	1
12578	1
12579	1
12580	1
12581	0
12596	1
12616	1
12617	1
12636	1
12656	0
12657	0
12658	0
12676	0
12677	0
12678	0
12696	0
12716	0
12717	0
12718	0
12719	0
12720	0
12721	0
12722	0
12723	0
12724	0
12736	0
12737	1
12738	0
12739	1
12740	1
12741	0
12756	3
12757	0
12758	0
12759	0
12776	0
12777	0
12778	0
12779	0
12780	0
12781	0
12782	0
12783	0
12784	0
12785	0
12786	0
12787	0
12788	0
12789	0
12790	0
12791	0
12792	0
12793	0
12794	0
12795	0
12796	0
12797	0
12798	0
12799	0
12800	1
12801	1
12802	1
12803	1
12804	3
12805	0
12806	1
12807	0
12816	0
12818	0
12819	0
12836	1
12837	0
12856	0
12857	0
12858	0
12859	0
12860	0
12861	0
12862	0
12863	0
12864	0
12865	1
12866	0
12867	0
12876	1
12877	0
12896	0
12897	0
12898	0
12899	1
12900	1
12902	1
12903	0
12904	0
12916	0
12917	0
12918	0
12919	0
12920	0
12921	0
12922	0
12923	0
12924	0
12925	0
12936	0
12937	0
12938	0
12939	0
12940	0
12941	0
12942	0
12943	0
12944	0
12956	0
12957	0
12958	0
12959	0
12960	0
12961	0
12962	0
12976	0
12977	0
12996	0
12997	0
12998	0
12999	0
13000	0
13016	0
13017	0
13018	0
13019	0
13020	3
13021	1
13022	0
13036	0
13056	0
13076	0
13078	0
13079	0
13080	0
13081	0
13082	1
13083	0
13084	1
13085	1
13086	0
13087	0
13088	0
13089	0
13096	0
13097	0
13098	0
13099	0
13116	1
13117	1
13118	1
13136	0
13137	1
13138	1
13139	1
13140	1
13141	1
13142	1
13143	1
13144	1
13145	1
13146	1
13147	1
13148	0
13149	1
13150	1
13151	1
13152	1
13153	1
13154	1
13155	1
13156	0
13157	0
13158	0
13159	0
13160	0
13161	1
13176	1
13177	1
13178	1
13179	1
13180	1
13181	1
13196	1
13197	1
13216	1
13217	1
13218	1
13219	1
13220	0
13221	1
13236	1
13256	3
13257	1
13276	0
13277	0
13278	1
13279	0
13280	1
13281	0
13282	1
13283	0
13284	1
13285	1
13296	1
13297	1
13298	1
13299	1
13300	1
13301	0
13316	0
13317	0
13318	1
13319	1
13320	1
13321	0
13322	1
13323	1
13324	0
13325	0
13326	0
13327	0
13328	0
13329	0
13330	0
13331	0
13332	0
13333	0
13334	0
13335	0
13336	0
13337	0
13338	0
13339	0
13356	1
13357	1
13358	0
13359	0
13377	1
13378	1
13396	0
13397	0
13416	1
13417	0
13418	0
13419	3
13420	0
13421	0
13422	0
13424	0
13425	0
13426	0
13427	0
13428	0
13429	0
13430	0
13431	0
13432	0
13433	0
13434	0
13435	0
13436	0
13437	1
13438	1
13439	1
13440	1
13441	1
13442	1
13443	1
13444	0
13445	0
13446	1
13447	1
13448	0
13449	1
13456	0
13476	0
13477	0
13496	1
13516	1
13517	1
13518	1
13519	1
13520	1
13521	1
13522	1
13523	1
13524	1
13525	1
13526	1
13527	1
13528	1
13529	1
13530	1
13531	1
13533	1
13534	0
13535	0
13536	0
13537	0
13538	0
13539	0
13540	0
13541	0
13542	0
13543	0
13544	0
13545	0
13546	0
13547	0
13548	0
13549	0
13550	0
13551	0
13552	0
13553	0
13554	0
13555	0
13556	0
13557	0
13576	1
13577	1
13596	1
13597	1
13598	1
13599	0
13601	1
13602	1
13616	1
13617	1
13618	0
13619	0
13620	0
13636	0
13656	0
13676	0
13696	0
13697	1
13698	0
13699	0
13716	1
13717	0
13718	1
13736	0
13737	0
13738	1
13739	1
13740	1
13741	1
13742	1
13743	0
13756	0
13776	1
13777	1
13778	0
13796	0
13797	1
13798	1
13816	0
13817	0
13836	0
13837	0
13838	0
13839	1
13840	1
13841	1
13842	0
13843	0
13856	0
13857	0
13876	0
13896	2
13916	0
13917	0
13936	0
13956	1
13957	1
13958	1
13959	1
13976	1
13977	2
13996	1
14016	2
14017	1
14018	2
14019	2
14020	3
14021	1
14022	0
14023	0
14024	0
14025	0
14026	1
14027	1
14028	1
14029	1
14030	1
14031	1
14041	0
14042	0
14061	1
14062	1
14063	1
14081	0
14101	1
14121	0
14122	0
14123	0
14141	1
14142	1
14143	0
14144	0
14145	0
14146	0
14147	0
14148	0
14161	0
14162	0
14181	0
14182	0
14183	0
14184	1
14185	0
14186	0
14187	0
14188	0
14201	0
14221	4
14222	4
14223	4
14224	4
14225	4
14226	4
14227	4
14228	4
14229	4
14230	4
14231	4
14232	4
14233	4
14234	4
14235	4
14236	4
14237	4
14241	1
14242	1
14261	1
14262	1
14263	1
14264	1
14265	1
14266	4
14267	2
14268	4
14269	4
14270	4
14271	4
14272	4
14273	4
14274	0
14275	2
14276	4
14277	4
14278	4
14279	4
14280	4
14281	4
14282	0
14283	0
14284	1
14285	1
14301	0
14302	1
14303	1
14304	1
14305	0
14306	0
14307	0
14308	1
14309	0
14310	0
14311	0
14312	0
14321	1
14322	1
14323	1
14324	1
14325	1
14326	1
14327	1
14329	0
14330	0
14331	0
14332	0
14333	0
14334	0
14335	0
14336	0
14337	0
14338	0
14339	4
14340	4
14341	4
14342	4
14343	4
14344	4
14345	4
14346	1
14347	1
14348	1
14349	1
14350	0
14351	1
14352	3
14353	1
14354	1
14355	0
14356	0
14357	1
14358	1
14361	0
14362	0
14363	1
14364	1
14365	1
14366	0
14367	1
14368	1
14369	1
14370	0
14371	1
14372	0
14373	0
14374	0
14375	1
14376	1
14377	1
14378	1
14379	1
14380	1
14381	1
14382	1
14383	1
14385	0
14386	0
14387	1
14388	1
14389	1
14390	1
14391	0
14392	1
14393	1
14394	1
14395	0
14396	0
14397	0
14398	1
14399	1
14400	0
14401	1
14402	1
14403	1
14404	1
14406	0
14421	0
14422	0
14423	1
14424	4
14425	4
14426	4
14427	4
14428	4
14429	4
14430	4
14431	4
14432	4
14433	4
14434	0
14435	3
14436	0
14437	0
14438	1
14439	1
14440	1
14441	1
14442	1
14443	0
14444	0
14445	2
14446	4
14447	4
14448	4
14449	0
14450	0
14451	0
14452	1
14453	0
14454	1
14455	0
14456	1
14457	1
14458	0
14459	0
14460	0
14461	1
14462	0
14463	0
14464	1
14465	0
14466	0
14467	1
14469	0
14470	0
14471	2
14472	4
14473	2
14474	2
14475	2
14476	4
14477	4
14478	4
14479	4
14480	0
14481	0
14482	0
14483	1
14484	0
14485	0
14486	0
14487	4
14488	4
14489	0
14490	4
14491	4
14492	4
14493	0
14494	1
14495	0
14496	0
14497	0
14498	0
14499	0
14500	0
14501	0
14502	1
14503	1
14504	0
14505	0
14506	1
14507	3
14508	0
14509	3
14510	3
14511	1
14512	1
14513	1
14514	0
14515	3
14516	1
14517	3
14518	1
14519	1
14520	1
14521	1
14522	0
14523	0
14524	1
14525	1
14526	1
14527	1
14528	1
14529	1
14530	1
14531	1
14532	1
14533	1
14534	1
14535	1
14536	1
14538	1
14539	0
14540	0
14541	0
14542	0
14543	0
14544	0
14545	0
14546	0
14547	0
14548	0
14549	0
14550	0
14551	0
14552	0
14553	0
14554	0
14555	0
14556	0
14557	0
14558	0
14559	0
14560	0
14561	0
14562	0
14563	0
14564	0
14565	0
14566	0
14567	0
14568	0
14581	0
14601	3
14602	0
14603	0
14604	0
14605	1
14606	0
14621	1
14622	0
14623	0
14624	0
14625	0
14626	0
14627	0
14628	0
14629	0
14630	0
14631	0
14632	0
14633	0
14634	0
14635	0
14636	1
14637	0
14638	0
14639	0
14640	0
14641	0
14642	0
14643	0
14644	0
14645	0
14646	0
14661	0
14662	0
14663	0
14664	0
14666	0
14667	0
14668	0
14681	0
14682	1
14683	1
14684	1
14685	1
14686	1
14687	1
14688	1
14689	1
14690	1
14691	1
14692	1
14693	1
14694	1
14695	1
14696	0
14697	4
14698	0
14699	1
14700	0
14701	1
14702	0
14703	1
14704	1
14705	0
14706	1
14707	0
14708	0
14709	1
14710	1
14711	0
14712	1
14713	0
14714	1
14715	1
14717	1
14718	0
14719	1
14720	1
14721	1
14722	0
14723	0
14724	0
14725	0
14726	0
14727	0
14728	0
14729	0
14730	0
14731	0
14732	0
14733	1
14734	0
14735	0
14736	0
14737	0
14738	0
14739	0
14740	0
14741	0
14742	0
14743	0
14744	0
14745	0
14746	1
14748	0
14750	1
14751	0
14752	0
14753	1
14754	1
14755	0
14756	0
14757	0
14758	0
14761	0
14762	1
14763	1
14764	1
14765	1
14766	1
14767	1
14768	1
14769	1
14770	1
14771	1
14772	1
14773	1
14774	1
14775	1
14776	1
14777	1
14781	1
14801	0
14821	1
14822	0
14823	1
14824	0
14825	1
14826	0
14827	0
14828	0
14829	0
14830	0
14831	3
14832	0
14833	0
14834	3
14841	0
14842	0
14843	0
14844	0
14845	0
14846	0
14847	0
14848	0
14849	0
14850	0
14851	0
14852	0
14853	0
14854	0
14855	0
14856	0
14857	0
14858	0
14859	0
14860	0
14861	1
14862	3
14864	0
14865	1
14866	0
14867	0
14868	0
14869	0
14870	0
14871	0
14872	0
14873	0
14874	0
14875	1
14876	1
14877	1
14878	0
14879	0
14880	1
14881	0
14882	1
14883	1
14884	0
14885	0
14886	0
14887	3
14888	3
14889	3
14890	3
14892	0
14893	0
14894	0
14901	0
14902	1
14903	1
14904	1
14905	1
14906	1
14908	0
14909	0
14910	1
14911	1
14912	1
14913	0
14921	1
14941	1
14942	1
14943	1
14944	1
14945	1
14946	1
14947	1
14948	1
14961	0
14962	0
14963	0
14964	0
14965	0
14966	1
14967	1
14968	1
14981	1
14982	1
14983	0
14984	0
14986	0
14987	0
14988	3
14989	0
14990	0
14991	0
14994	0
15001	0
15002	0
15003	0
15004	0
15005	0
15006	1
15007	1
15008	1
15009	1
15010	0
15011	0
15012	0
15021	0
15022	0
15041	0
15042	1
15043	1
15045	0
15046	0
15047	1
15061	0
15062	0
15063	0
15064	0
15065	0
15066	0
15067	1
15068	1
15069	0
15070	1
15071	0
15072	0
15073	0
15074	0
15075	0
15076	1
15077	0
15078	0
15079	0
15080	1
15081	1
15082	3
15083	3
15084	3
15085	3
15086	0
15087	0
15088	1
15089	0
15090	0
15091	0
15101	0
15102	0
15103	0
15104	0
15105	0
15106	0
15107	0
15108	0
15109	0
15110	0
15111	1
15112	0
15113	0
15114	3
15115	0
15116	0
15117	0
15118	0
15119	0
15121	0
15122	1
15123	0
15124	0
15125	0
15126	1
15127	1
15128	1
15130	1
15131	0
15133	0
15134	0
15135	0
15136	0
15137	0
15138	0
15139	0
15140	0
15141	0
15142	0
15143	0
15144	0
15145	0
15146	1
15151	0
15152	0
15153	0
15154	0
15155	0
15156	0
15157	0
15158	0
15159	0
15160	0
15161	0
15162	1
15163	0
15164	0
15165	0
15166	0
15167	0
15168	0
15169	0
15170	0
15171	0
15172	0
15173	0
15174	0
15175	0
15176	0
15177	1
15178	1
15179	0
15180	0
15181	1
15182	1
15183	0
15184	1
15185	1
15186	0
15187	0
15188	0
15189	0
15190	0
15191	0
15192	3
15193	3
15194	0
15195	1
15196	1
15197	1
15198	0
15199	1
15200	0
15201	0
15202	0
15203	3
15204	3
15205	3
15206	1
15207	1
15208	1
15209	1
15210	1
15211	1
15212	1
15213	0
15214	0
15215	1
15216	0
15217	0
15218	0
15219	0
15220	1
15221	0
15222	0
15223	1
15224	3
15226	1
15227	1
15228	1
15229	1
15230	1
15231	1
15232	1
15233	1
15234	1
15235	1
15236	1
15237	1
15238	1
15239	1
15240	1
15241	1
15242	1
15243	1
15244	1
15245	1
15246	1
15247	1
15248	1
15249	1
15250	1
15251	1
15252	1
15253	1
15254	1
15255	1
15256	1
15257	1
15258	1
15259	1
15260	0
15261	0
15262	1
15263	3
15264	1
15270	0
15271	0
15273	0
15274	0
15275	3
15276	3
15277	1
15278	0
15279	0
15280	0
15281	0
15282	0
15283	0
15284	0
15285	0
15286	1
15287	0
15288	1
15289	0
15290	1
15291	0
15292	0
15293	0
15294	0
15295	0
15296	0
15297	0
15298	0
15299	3
15300	0
15301	0
15302	3
15303	0
15304	0
15305	3
15306	0
15307	1
15308	1
15309	0
15310	0
15311	1
15312	1
15313	0
15314	0
15315	0
15316	0
15317	0
15318	1
15319	1
15320	1
15322	1
15323	1
15324	1
15325	1
15326	1
15327	1
15328	0
15329	1
15330	1
15331	1
15332	1
15333	0
15334	1
15335	1
15336	1
15337	1
15338	1
15339	3
15340	3
15341	3
15342	1
15343	1
15344	1
15345	1
15346	1
15347	1
15348	3
15349	0
15350	1
15351	0
15352	0
15353	0
15354	0
15355	1
15356	0
15357	0
15358	0
15359	0
15360	0
15361	0
15362	3
15363	0
15364	0
15366	0
15367	0
15368	0
15369	3
15370	3
15371	0
15372	0
15373	0
15374	0
15375	0
15376	1
15377	1
15378	3
15379	3
15380	3
15381	3
15382	3
15383	1
15384	0
15385	1
15386	1
15387	1
15388	1
15389	1
15390	1
15391	1
15392	1
15393	1
15394	0
15395	0
15397	0
15398	0
15399	0
15400	0
15401	0
15402	0
15403	0
15404	0
15405	0
15406	0
15407	0
15408	0
15409	0
15410	3
15411	3
15412	3
15413	3
15414	1
15415	0
15416	0
15417	0
15418	0
15419	0
15420	0
15421	1
15422	1
15423	0
15424	1
15425	0
15426	0
15427	3
15428	0
15429	0
15430	0
15431	1
15432	1
15433	0
15434	1
15435	0
15436	0
15437	1
15438	0
15439	0
15440	1
15441	0
15442	1
15443	1
15444	1
15445	1
15446	1
15447	0
15448	1
15449	1
15450	1
15451	1
15452	1
15453	1
15454	0
15455	1
15456	1
15457	1
15458	1
15459	1
15460	1
15461	1
15462	1
15463	0
15464	0
15465	0
15466	0
15467	3
15468	0
15469	1
15470	0
15471	1
15472	1
15473	1
15474	0
15475	0
15476	0
15477	1
15478	0
15479	0
15480	0
15481	3
15482	0
15483	0
15484	0
15485	0
15486	0
15487	0
15488	0
15489	0
15490	0
15491	3
15492	0
15493	0
15494	0
15495	1
15496	0
15497	0
15498	0
15499	0
15500	1
15501	0
15502	1
15503	1
15504	1
15505	1
15506	0
15507	3
15508	1
15509	3
15510	3
15511	3
15512	1
15513	0
15514	0
15515	1
15516	3
15517	3
15518	0
15519	0
15520	0
15521	1
15522	1
15524	0
15525	1
15526	0
15527	1
15528	1
15529	1
15530	0
15532	1
15533	1
15534	1
15535	1
15536	0
15537	1
15538	1
15539	1
15540	1
15541	1
15542	0
15543	3
15544	3
15545	0
15546	0
15547	1
15548	1
15549	0
15550	3
15551	1
15552	1
15553	0
15554	1
15555	0
15556	0
15557	0
15558	0
15559	0
15560	0
15561	0
15562	0
15563	0
15564	0
15565	0
15566	0
15567	0
15568	0
15569	0
15570	0
15571	3
15572	0
15573	0
15574	0
15575	0
15576	0
15577	0
15578	0
15579	0
15580	0
15581	0
15582	0
15583	0
15584	0
15585	0
15586	0
15587	0
15588	0
15589	3
15590	0
15591	1
15592	0
15593	0
15594	0
15595	0
15596	0
15597	0
15598	0
15599	0
15600	0
15601	0
15602	0
15603	0
15604	0
15605	0
15606	0
15607	0
15608	3
15609	1
15610	1
15611	1
15612	1
15613	1
15614	1
15615	1
15616	1
15617	1
15618	1
15619	1
15620	1
15621	1
15622	1
15623	1
15624	0
15625	3
15626	0
15627	1
15628	3
15629	1
15630	1
15631	0
15632	0
15633	3
15634	1
15635	0
15636	0
15637	0
15638	0
15639	0
15640	0
15641	0
15642	0
15643	0
15644	0
15645	0
15646	0
15647	0
15648	0
15649	0
15650	0
15651	0
15652	0
15653	0
15654	0
15655	0
15656	0
15657	0
15658	0
15659	0
15660	0
15661	0
15663	0
15664	0
15665	0
15666	0
15667	0
15668	0
15669	0
15670	0
15672	0
15675	0
15676	0
15677	0
15678	0
15679	0
15680	0
15681	0
15682	0
15683	0
15684	0
15685	0
15686	0
15687	3
15688	3
15689	3
15690	3
15691	3
15692	0
15693	1
15694	0
15695	0
15696	0
15698	0
15699	0
15700	1
15701	1
15702	1
15703	1
15704	1
15705	0
15706	0
15707	1
15708	1
15709	1
15710	0
15711	0
15712	0
15713	0
15714	0
15715	0
15716	0
15717	0
15718	1
15719	0
15720	0
15721	0
15722	0
15723	0
15724	0
15725	0
15726	0
15727	3
15728	1
15729	0
15730	0
15731	0
15732	0
15733	0
15734	0
15735	0
15736	0
15737	0
15738	0
15739	0
15740	3
15741	3
15742	3
15743	1
15744	1
15745	0
15746	0
15747	1
15748	1
15749	1
15750	1
15751	1
15752	1
15753	1
15754	1
15756	1
15757	3
15758	1
15759	1
15760	0
15761	0
15762	0
15763	0
15764	0
15765	0
15766	0
15767	0
15768	0
15769	1
15770	1
15771	1
15772	1
15773	1
15774	1
15775	1
15776	3
15777	1
15778	0
15780	0
15781	0
15782	0
15783	0
15784	0
15785	0
15786	0
15787	0
15788	0
15789	0
15790	0
15791	0
15792	0
15793	0
15794	0
15795	0
15796	1
15797	0
15798	0
15799	0
15800	0
15801	0
15802	0
15803	0
15804	1
15805	1
15806	1
15807	1
15808	1
15809	0
15810	1
15811	1
15812	1
15813	1
15814	1
15815	1
15816	1
15817	1
15818	3
15832	0
15835	0
15838	0
15839	0
15840	0
15841	0
15842	0
15843	0
15844	0
15845	0
15846	0
15847	0
15848	0
15849	0
15850	0
15851	0
15852	1
15853	1
15854	1
15855	1
15856	1
15857	1
15858	1
15859	1
15860	1
15861	1
15862	1
15863	1
15864	0
15865	0
15866	1
15867	0
15868	1
15869	1
15870	1
15871	0
15872	0
15873	0
15874	0
15875	0
15876	0
15877	0
15878	0
15879	0
15880	0
15881	0
15882	0
15883	0
15884	0
15885	0
15886	0
15887	0
15888	0
15889	0
15890	0
15891	0
15892	0
15893	0
15894	0
15895	0
15896	0
15897	0
15898	0
15899	0
15900	0
15901	0
15902	0
15903	1
15904	0
15905	0
15906	0
15907	0
15908	0
15909	0
15910	0
15911	0
15912	0
15913	0
15914	0
15915	0
15916	0
15917	0
15918	0
15919	0
15920	0
15921	0
15922	0
15923	0
15924	0
15925	0
15926	0
15927	0
15928	3
15929	3
15930	3
15931	3
15932	3
15933	0
15934	1
15935	0
15936	3
15937	0
15938	0
15939	0
15940	0
15941	0
15942	0
15943	1
15944	0
15945	0
15946	0
15947	0
15948	0
15949	0
15950	0
15951	0
15952	3
15953	3
15954	3
15955	0
15956	3
15957	0
15958	0
15959	0
15961	1
15962	0
15963	3
15964	0
15965	0
15966	0
15967	0
15968	0
15969	0
15970	0
15971	0
15972	0
15973	1
15974	1
15975	1
15976	1
15977	1
15978	1
15979	1
15980	1
15981	1
15982	0
15983	0
15984	1
15985	0
15989	3
15990	3
15991	1
15992	0
15993	0
15996	0
15997	0
15998	0
15999	0
16000	0
16001	0
16002	0
16003	0
16004	0
16005	0
16006	0
16007	0
16008	0
16009	0
16011	3
16012	0
16013	0
16014	0
16015	0
16016	0
16017	1
16018	1
16019	0
16020	1
16021	1
16022	1
16023	0
16024	1
16025	1
16026	1
16027	1
16028	3
16029	1
16030	0
16031	0
16032	0
16033	0
16034	1
16035	1
16036	1
16037	1
16038	1
16039	1
16040	1
16041	1
16042	3
16043	0
16044	0
16045	0
16046	0
16047	0
16048	0
16049	1
16050	1
16051	1
16052	1
16053	1
16054	1
16055	1
16056	1
16057	1
16058	1
16059	1
16060	3
16061	3
16062	3
16063	3
16064	3
16065	3
16066	0
16067	1
16068	0
16069	0
16070	0
16072	1
16073	1
16075	0
16076	0
16077	3
16078	0
16079	0
16080	1
16081	0
16082	0
16083	1
16084	0
16085	0
16086	0
16089	1
16090	0
16091	1
16092	0
16093	0
16094	0
16095	0
16096	1
16097	1
16098	1
16099	0
16100	0
16101	1
16102	1
16103	0
16104	0
16105	0
16106	0
16107	0
16108	0
16109	0
16110	0
16111	0
16112	1
16113	1
16114	1
16115	1
16116	1
16117	0
16118	1
16119	0
16120	1
16121	0
16123	0
16124	0
16125	1
16126	1
16127	1
16128	3
16129	0
16131	1
16132	1
16133	1
16134	1
16135	1
16136	0
16137	0
16138	0
16139	1
16140	0
16141	0
16142	0
16143	1
16144	0
16145	1
16146	1
16147	0
16148	1
16149	1
16150	1
16151	3
16152	3
16153	1
16154	1
16156	1
16157	1
16158	1
16159	1
16160	0
16161	0
16162	0
16163	1
16164	1
16165	1
16166	0
16167	1
16168	1
16169	1
16170	1
16171	1
16172	0
16173	1
16174	1
16175	1
16176	1
16177	1
16178	1
16179	2
16180	2
16181	2
16182	0
16183	0
16184	1
16185	0
16186	0
16187	0
16188	0
16189	1
16190	0
16191	0
16192	1
16193	1
16194	1
16196	0
16197	0
16198	0
16199	0
16200	0
16201	0
16202	0
16203	0
16204	0
16205	0
16206	0
16207	0
16208	0
16209	0
16210	0
16211	0
16212	0
16213	0
16214	0
16215	1
16216	1
16217	0
16218	0
16219	0
16220	0
16221	0
16222	0
16224	0
16225	0
16226	1
16227	1
16228	0
16229	0
16230	0
16231	0
16232	0
16233	1
16234	1
16235	1
16236	1
16237	0
16238	0
16239	0
16240	0
16241	0
16242	0
16243	1
16244	1
16245	1
16246	1
16247	0
16248	0
16249	0
16250	0
16251	0
16252	0
16253	0
16254	1
16255	0
16256	0
16257	0
16258	0
16259	0
16260	0
16261	0
16262	0
16263	0
16264	0
16265	0
16266	0
16267	0
16268	0
16269	0
16270	0
16271	0
16272	0
16273	0
16274	0
16275	0
16276	0
16277	0
16278	0
16279	0
16280	0
16281	0
16283	0
16284	0
16285	0
16286	0
16287	0
16288	0
16289	0
16290	1
16291	0
16292	0
16293	0
16294	0
16295	0
16296	0
16297	1
16298	0
16299	0
16300	0
16301	0
16302	0
16303	0
16304	0
16305	0
16306	0
16307	0
16308	0
16309	0
16310	0
16311	0
16312	0
16313	0
16314	0
16315	0
16316	0
16317	0
16318	0
16319	0
16320	0
16321	0
16322	0
16323	0
16324	0
16325	0
16326	0
16327	0
16328	0
16329	1
16330	0
16331	0
16332	0
16333	0
16334	0
16335	0
16336	0
16337	0
16338	0
16339	0
16340	0
16341	0
16342	0
16343	0
16344	0
16345	0
16346	0
16347	0
16348	0
16349	0
16350	0
16351	0
16352	0
16353	0
16354	0
16355	0
16356	0
16357	1
16358	1
16359	0
16360	1
16361	0
16362	0
16363	0
16364	0
16365	1
16366	0
16367	0
16368	1
16369	0
16371	0
16372	0
16373	0
16374	0
16375	1
16376	0
16377	0
16378	1
16379	4
16380	4
16381	1
16382	1
16383	1
16384	0
16385	0
16386	0
16387	3
16388	1
16389	1
16390	0
16392	1
16393	0
16394	1
16395	0
16396	1
16397	0
16398	0
16399	0
16400	0
16401	0
16402	0
16403	0
16404	0
16405	0
16406	1
16407	1
16408	1
16409	0
16410	1
16411	1
16412	1
16414	1
16415	1
16416	0
16417	0
16418	0
16419	1
16420	0
16421	0
16422	0
16423	0
16424	1
16425	1
16426	1
16427	1
16428	1
16429	1
16430	0
16431	0
16432	1
16433	0
16434	0
16435	0
16436	0
16437	0
16438	0
16439	1
16440	1
16441	1
16442	0
16443	0
16444	0
16445	0
16446	1
16447	1
16448	1
16449	1
16450	0
16451	1
16452	1
16453	1
16454	0
16455	0
16456	0
16457	3
16458	0
16459	1
16460	1
16461	1
16462	0
16463	0
16464	0
16465	0
16466	0
16467	0
16468	0
16469	0
16470	1
16471	1
16472	1
16473	1
16474	3
16475	0
16476	0
16477	0
16478	0
16479	0
16480	0
16481	1
16482	1
16483	0
16484	0
16485	1
16486	0
16487	0
16488	1
16489	1
16490	0
16491	1
16492	1
16493	0
16494	0
16495	0
16496	0
16497	0
16498	0
16499	0
16500	0
16501	0
16502	0
16503	0
16504	1
16505	1
16506	1
16507	1
16508	0
16509	0
16510	0
16511	0
16512	0
16513	0
16514	0
16516	0
16517	0
16518	0
16519	0
16520	0
16521	0
16522	0
16523	1
16524	3
16525	1
16526	1
16527	0
16528	0
16529	1
16530	1
16531	0
16532	0
16533	0
16534	0
16535	0
16536	0
16537	0
16538	0
16539	1
16540	1
16541	0
16542	0
16543	0
16544	1
16545	1
16546	0
16547	0
16548	0
16549	0
16550	0
16551	0
16553	0
16554	0
16556	1
16557	1
16560	1
16561	1
16562	1
16563	3
16564	0
16565	0
16566	0
16567	1
16568	0
16569	1
16570	0
16571	1
16572	1
16573	1
16574	0
16575	0
16576	1
16577	0
16578	0
16579	0
16580	0
16581	3
16582	0
16583	0
16584	0
16585	0
16586	0
16587	1
16588	0
16589	0
16590	0
16591	0
16592	0
16593	1
16594	1
16595	1
16596	1
16597	0
16598	0
16599	0
16600	0
16601	0
16602	0
16603	0
16604	0
16605	0
16606	0
16608	0
16609	1
16610	0
16611	0
16612	0
16613	0
16614	0
16615	0
16616	0
16617	0
16618	0
16619	0
16620	0
16621	0
16622	0
16623	0
16624	0
16625	0
16626	0
16627	0
16628	0
16629	0
16630	0
16631	0
16632	0
16633	0
16634	0
16635	0
16636	0
16637	0
16638	0
16639	0
16640	0
16641	0
16642	0
16643	0
16644	0
16645	0
16646	0
16647	0
16648	0
16649	0
16650	0
16651	0
16652	0
16653	0
16654	0
16655	0
16656	0
16657	0
16658	0
16659	0
16660	0
16661	0
16662	0
16663	0
16664	0
16665	0
16666	0
16667	0
16668	0
16669	0
16670	0
16671	0
16672	0
16673	0
16674	0
16675	0
16676	0
16677	0
16678	0
16679	0
16680	0
16681	0
16682	0
16683	0
16684	0
16685	0
16686	0
16687	0
16688	0
16689	0
16690	0
16691	0
16692	0
16693	0
16694	1
16695	1
16696	1
16697	0
16698	0
16699	1
16700	1
16701	0
16702	0
16703	0
16704	1
16705	0
16706	0
16707	0
16708	0
16709	0
16710	0
16711	1
16712	0
16713	0
16714	0
16715	0
16716	0
16717	0
16718	0
16719	0
16720	0
16721	0
16722	0
16723	0
16724	0
16725	0
16726	0
16727	0
16728	0
16729	0
16730	0
16731	0
16732	0
16733	0
16734	0
16735	0
16736	0
16737	0
16738	0
16739	0
16740	0
16741	0
16742	0
16743	0
16744	0
16745	0
16746	0
16747	0
16748	0
16749	0
16750	0
16751	0
16752	0
16753	0
16754	0
16755	0
16756	0
16757	0
16758	0
16759	0
16760	0
16761	0
16762	0
16763	0
16764	0
16765	0
16766	0
16767	0
16768	0
16769	0
16770	0
16771	0
16772	0
16773	0
16774	0
16775	3
16776	3
16777	3
16778	3
16779	0
16780	0
16781	0
16782	0
16783	1
16784	1
16785	1
16786	0
16787	0
16788	1
16789	0
16790	0
16791	0
16792	0
16793	0
16794	0
16795	0
16796	0
16797	0
16798	0
16799	0
16800	3
16801	1
16802	3
16803	1
16804	0
16805	0
16806	1
16807	1
16808	1
16809	1
16810	0
16811	1
16812	1
16813	1
16814	1
16815	1
16816	3
16817	1
16818	1
16819	1
16820	0
16821	0
16822	1
16823	0
16824	0
16825	1
16826	0
16827	0
16828	0
16829	0
16830	1
16831	0
16832	0
16833	0
16834	0
16835	0
16836	0
16837	0
16838	0
16839	0
16840	0
16841	1
16842	0
16843	0
16844	0
16845	1
16846	0
16847	0
16848	1
16849	0
16850	0
16851	0
16852	0
16853	0
16854	4
16855	4
16856	1
16857	0
16858	0
16859	0
16860	0
16861	1
16862	0
16863	0
16864	0
16865	0
16866	0
16867	0
16868	0
16869	0
16870	0
16871	0
16872	0
16873	0
16874	0
16875	0
16876	0
16877	0
16878	0
16879	0
16880	0
16881	0
16882	0
16883	0
16884	0
16885	0
16886	1
16887	0
16888	0
16889	0
16890	0
16891	0
16892	0
16893	0
16894	0
16895	0
16896	0
16897	0
16898	0
16899	0
16900	0
16901	0
16902	0
16903	0
16904	0
16905	0
16906	0
16907	0
16908	0
16909	0
16910	0
16911	0
16912	0
16914	0
16915	0
16916	0
16917	0
16918	0
16919	0
16920	0
16921	0
16922	0
16923	0
16924	0
16925	0
16926	0
16927	0
16928	0
16929	0
16930	0
16931	0
16932	0
16933	0
16934	0
16935	0
16936	0
16937	0
16938	0
16939	0
16940	0
16941	0
16942	0
16943	0
16944	0
16945	1
16946	0
16947	0
16948	0
16949	0
16950	0
16951	0
16952	0
16953	0
16954	0
16955	0
16956	0
16957	0
16958	0
16959	1
16960	0
16961	1
16962	0
16963	1
16964	0
16965	0
16966	0
16967	0
16968	0
16969	0
16970	0
16971	0
16972	0
16973	0
16974	0
16975	0
16976	0
16977	0
16978	0
16979	0
16980	0
16981	1
16982	1
16983	1
16984	1
16985	0
16986	0
16987	0
16988	0
16989	0
16990	0
16991	0
16992	0
16993	0
16994	0
16995	0
16996	0
16997	0
16998	0
16999	0
17000	0
17001	0
17002	0
17003	0
17004	0
17005	0
17006	0
17007	1
17008	3
17009	3
17010	3
17011	3
17012	3
17013	0
17014	0
17015	0
17016	0
17017	0
17018	0
17019	0
17020	0
17021	0
17022	0
17023	0
17024	0
17025	0
17026	3
17027	1
17028	1
17029	0
17030	0
17031	0
17032	0
17034	0
17035	0
17038	0
17039	0
17041	0
17042	0
17046	0
17047	0
17048	0
17049	0
17050	0
17051	0
17052	0
17053	0
17055	0
17056	0
17057	1
17058	0
17059	0
17060	0
17061	0
17062	0
17063	1
17064	1
17065	1
17066	0
17067	0
17068	0
17069	0
17070	0
17071	0
17072	0
17073	0
17074	0
17075	2
17076	3
17077	0
17078	0
17079	0
17080	0
17081	0
17082	0
17083	0
17084	0
17085	0
17086	0
17087	1
17088	0
17089	0
17090	0
17091	0
17092	0
17093	0
17094	0
17095	0
17096	1
17097	0
17098	0
17099	0
17100	0
17101	0
17102	0
17103	0
17104	0
17105	0
17106	0
17107	0
17108	0
17109	0
17110	0
17111	0
17112	0
17113	0
17114	0
17115	0
17116	0
17117	0
17118	0
17119	0
17120	0
17121	0
17122	0
17123	0
17124	0
17125	0
17126	0
17127	0
17128	0
17129	0
17130	0
17131	0
17132	0
17133	0
17134	0
17135	0
17136	0
17137	0
17138	0
17139	0
17140	0
17141	0
17142	0
17143	0
17144	4
17145	0
17146	0
17147	0
17148	0
17149	0
17150	0
17151	0
17152	1
17153	0
17154	0
17155	0
17156	0
17157	0
17158	0
17159	0
17160	0
17161	3
17162	0
17163	0
17165	0
17167	1
17168	0
17169	0
17170	0
17171	0
17172	0
17173	0
17174	0
17175	0
17176	0
17178	0
17179	0
17180	0
17181	0
17182	0
17183	0
17184	0
17185	0
17186	0
17187	0
17188	0
17189	0
17190	0
17191	0
17192	0
17193	0
17194	0
17195	0
17196	0
17197	0
17198	0
17199	0
17200	0
17201	0
17202	0
17203	0
17204	0
17205	1
17206	0
17207	0
17208	0
17209	1
17210	0
17211	1
17212	0
17213	0
17214	0
17215	0
17216	0
17217	0
17218	0
17219	0
17220	0
17221	0
17222	0
17223	0
17224	0
17225	3
17226	0
17227	1
17228	0
17229	1
17230	0
17231	0
17232	0
17233	3
17234	0
17235	0
17236	0
17238	0
17239	0
17240	0
17241	0
17242	0
17243	0
17244	0
17245	0
17246	0
17247	0
17248	0
17249	0
17250	0
17251	0
17252	0
17253	0
17254	0
17255	0
17256	3
17257	3
17258	1
17259	1
17260	0
17261	0
17262	0
17263	0
17264	1
17265	0
17266	0
17267	0
17268	0
17269	1
17270	1
17271	1
17272	0
17274	0
17275	1
17276	0
17277	0
17278	0
17279	0
17280	0
17281	1
17282	0
17283	0
17284	0
17285	0
17286	0
17287	1
17288	0
17289	0
17290	0
17291	0
17292	0
17293	0
17294	0
17295	0
17296	0
17297	0
17298	0
17299	0
17300	0
17301	1
17302	0
17303	0
17304	0
17305	0
17306	1
17307	1
17308	1
17309	1
17310	1
17311	0
17312	0
17313	0
17314	0
17315	0
17316	0
17317	0
17318	0
17319	0
17320	0
17321	0
17322	0
17323	0
17324	0
17325	0
17326	0
17327	0
17328	0
17329	0
17330	0
17331	0
17332	0
17333	0
17334	0
17335	0
17336	0
17337	0
17338	0
17339	0
17340	0
17341	0
17342	0
17343	0
17344	0
17345	0
17346	0
17347	0
17348	0
17349	0
17350	0
17351	0
17352	0
17353	0
17354	3
17355	0
17356	1
17357	0
17358	0
17359	0
17360	0
17361	0
17362	0
17363	0
17364	0
17365	0
17366	0
17367	0
17368	0
17369	0
17370	1
17371	1
17372	0
17373	0
17374	0
17375	0
17376	0
17377	1
17378	0
17379	0
17380	1
17381	1
17382	0
17383	0
17384	0
17385	1
17386	1
17387	1
17388	1
17389	1
17390	0
17391	0
17392	0
17393	0
17394	0
17395	1
17396	1
17397	1
17398	1
17399	0
17400	1
17401	0
17402	0
17403	0
17404	0
17405	0
17406	0
17407	0
17408	0
17409	0
17410	0
17411	0
17412	0
17413	0
17414	1
17415	0
17416	0
17417	0
17418	0
17419	0
17420	1
17421	0
17422	0
17423	0
17424	0
17425	0
17426	0
17427	1
17428	0
17429	1
17430	0
17431	0
17432	0
17433	0
17434	0
17435	1
17436	0
17437	0
17438	0
17439	0
17440	0
17441	0
17442	0
17443	0
17444	0
17445	0
17446	0
17447	0
17448	0
17449	0
17450	0
17451	0
17452	0
17453	0
17454	1
17455	1
17456	0
17457	0
17458	0
17459	0
17460	0
17461	1
17462	0
17463	1
17464	1
17465	1
17466	0
17467	0
17468	3
17469	1
17470	0
17471	0
17473	0
17474	0
17475	0
17476	0
17477	0
17478	1
17479	0
17480	0
17481	0
17482	0
17483	0
17484	0
17485	0
17486	0
17487	0
17488	0
17489	0
17490	0
17491	1
17492	0
17493	0
17494	0
17495	0
17496	0
17499	1
17500	3
17501	0
17502	0
17503	0
17504	0
17505	0
17506	1
17507	1
17508	0
17509	0
17510	0
17511	0
17512	0
17513	0
17514	0
17515	0
17516	0
17517	1
17518	1
17519	0
17520	0
17521	3
17522	0
17523	0
17524	0
17525	0
17526	0
17527	0
17528	0
17529	0
17530	0
17531	0
17532	0
17533	3
17534	3
17535	3
17536	1
17537	1
17538	0
17539	0
17540	0
17541	0
17542	0
17543	1
17544	3
17545	0
17546	1
17547	1
17548	1
17549	0
17550	0
17551	0
17552	0
17553	0
17554	1
17555	1
17556	0
17557	0
17558	0
17559	0
17560	0
17561	0
17562	0
17563	0
17564	0
17565	0
17566	0
17567	0
17568	0
17569	0
17570	0
17571	0
17572	0
17573	0
17574	0
17575	0
17576	0
17577	0
17578	0
17579	0
17580	0
17581	0
17582	0
17583	0
17584	0
17585	1
17586	0
17587	0
17588	0
17589	0
17590	0
17591	0
17592	1
17593	1
17594	1
17595	0
17596	0
17597	0
17598	0
17599	0
17600	0
17601	0
17602	3
17603	0
17604	0
17605	0
17606	0
17607	0
17608	0
17609	1
17610	1
17611	1
17612	0
17613	0
17614	0
17615	0
17616	0
17617	0
17618	0
17619	0
17620	0
17621	0
17622	0
17623	0
17624	1
17625	0
17626	1
17627	0
17628	0
17629	0
17630	0
17631	0
17632	0
17633	0
17634	0
17635	0
17636	0
17637	0
17638	0
17639	0
17640	0
17641	0
17642	0
17643	0
17644	0
17645	0
17646	0
17647	0
17648	0
17649	0
17650	0
17651	3
17652	1
17653	1
17654	0
17655	0
17656	0
17657	0
17658	0
17659	0
17660	0
17661	0
17662	0
17663	0
17664	1
17665	0
17666	0
17667	0
17668	0
17669	0
17670	1
17671	1
17672	0
17673	0
17674	0
17675	0
17676	0
17677	0
17678	1
17679	1
17680	0
17681	0
17682	0
17683	0
17684	1
17685	0
17686	0
17687	0
17688	0
17689	0
17690	0
17691	0
17693	0
17694	1
17695	1
17696	0
17697	0
17698	0
17699	0
17700	1
17701	0
17702	0
17703	0
17704	0
17705	0
17706	0
17707	0
17708	0
17709	0
17710	0
17711	3
17712	0
17713	0
17714	0
17715	0
17716	0
17717	0
17718	0
17719	0
17720	0
17721	1
17722	1
17723	1
17724	1
17725	1
17726	1
17727	1
17728	1
17729	1
17730	1
17731	1
17732	1
17733	0
17734	1
17735	1
17736	0
17737	0
17738	0
17739	0
17740	0
17741	0
17742	0
17743	0
17744	0
17745	0
17746	0
17747	0
17748	0
17749	0
17750	0
17751	0
17752	0
17753	0
17754	0
17755	0
17756	0
17757	0
17758	0
17759	0
17760	0
17761	0
17762	0
17763	0
17764	0
17765	1
17766	1
17767	3
17768	0
17769	0
17770	1
17771	1
17772	3
17773	0
17774	0
17775	0
17776	0
17777	0
17778	0
17779	0
17780	0
17781	0
17782	0
17783	0
17784	0
17785	0
17786	0
17787	0
17788	0
17789	0
17790	0
17791	0
17792	0
17793	0
17794	0
17795	0
17796	1
17797	1
17798	1
17799	1
17800	1
17801	1
17802	1
17803	1
17804	0
17805	1
17807	0
17808	3
17809	0
17810	0
17811	0
17812	0
17813	0
17814	1
17815	1
17816	1
17817	1
17818	1
17819	1
17820	1
17822	0
17823	0
17824	0
17825	0
17826	1
17827	1
17828	0
17829	0
17830	1
17831	0
17832	0
17833	1
17834	0
17835	0
17836	1
17837	1
17838	0
17839	1
17840	1
17841	0
17842	3
17843	1
17844	1
17845	0
17846	1
17847	0
17848	1
17849	0
17850	0
17851	0
17852	3
17853	1
17854	1
17855	1
17856	0
17857	0
17858	0
17859	0
17860	1
17861	0
17862	1
17863	0
17864	1
17865	1
17866	0
17867	0
17868	0
17869	0
17870	0
17871	1
17872	1
17873	1
17874	3
17875	1
17876	1
17877	0
17878	0
17879	1
17880	1
17881	1
17882	1
17883	0
17884	0
17885	0
17886	1
17887	0
17888	3
17889	0
17890	0
17892	0
17893	0
17894	1
17895	1
17896	0
17897	1
17898	1
17899	1
17900	0
17901	0
17902	1
17903	1
17904	1
17905	1
17906	1
17907	1
17908	1
17909	0
17910	1
17911	1
17912	1
17913	1
17914	1
17915	0
17916	1
17917	1
17918	1
17919	1
17920	1
17921	1
17922	1
17923	0
17924	0
17925	0
17926	0
17927	0
17928	1
17929	0
17930	0
17931	1
17932	1
17933	1
17934	1
17935	1
17936	1
17937	1
17938	1
17939	1
17940	1
17941	1
17942	1
17943	1
17944	1
17945	1
17946	1
17947	0
17948	3
17949	3
17950	0
17951	0
17952	0
17953	0
17954	0
17955	0
17956	0
17957	1
17958	1
17959	1
17960	1
17961	1
17962	1
17963	0
17964	0
17965	0
17966	0
17967	0
17968	3
17969	0
17970	0
17971	0
17972	0
17973	0
17974	0
17975	1
17976	1
17977	1
17978	1
17979	0
17980	1
17981	0
17982	1
17983	0
17984	0
17985	0
17986	1
17987	0
17988	0
17989	0
17990	0
17991	1
17992	0
17993	1
17994	1
17995	0
17996	0
17997	0
17998	0
17999	0
18000	0
18001	0
18002	0
18003	1
18004	0
18005	0
18006	0
18007	0
18008	0
18009	0
18010	0
18011	0
18012	0
18013	1
18014	0
18015	0
18016	0
18017	0
18018	0
18019	0
18020	0
18021	0
18022	0
18023	0
18024	0
18025	0
18026	0
18027	0
18028	0
18029	0
18030	0
18031	0
18032	0
18033	0
18034	0
18035	0
18036	0
18037	0
18038	0
18039	0
18040	3
18041	3
18042	0
18043	0
18044	1
18045	0
18046	1
18047	0
18048	1
18049	1
18050	1
18051	1
18052	1
18053	1
18054	1
18055	1
18056	0
18057	1
18058	1
18059	0
18060	3
18061	0
18062	0
18063	3
18064	0
18065	0
18066	0
18067	0
18068	0
18069	1
18070	0
18071	0
18072	0
18073	0
18074	0
18075	3
18076	3
18077	0
18078	0
18079	0
18080	0
18081	0
18082	0
18083	0
18084	0
18085	0
18086	0
18087	0
18088	0
18089	0
18090	0
18091	0
18092	1
18093	1
18094	1
18095	0
18096	1
18097	0
18098	0
18099	1
18100	1
18101	1
18102	1
18103	0
18104	0
18105	1
18106	0
18107	1
18108	0
18109	0
18110	0
18113	0
18114	0
18115	0
18116	0
18117	0
18118	0
18119	0
18120	0
18121	0
18122	0
18123	0
18124	0
18125	0
18126	0
18127	0
18128	0
18129	0
18130	0
18131	0
18132	0
18133	0
18134	0
18135	0
18136	0
18137	0
18138	0
18139	1
18140	0
18141	3
18142	0
18143	0
18144	0
18145	0
18146	0
18147	0
18148	0
18149	0
18150	0
18151	0
18152	0
18153	0
18154	1
18155	1
18156	0
18157	0
18158	0
18159	0
18160	0
18161	0
18162	0
18163	0
18164	0
18165	0
18166	1
18167	0
18168	3
18169	0
18170	1
18171	1
18172	1
18173	0
18174	0
18175	0
18176	0
18177	0
18178	0
18179	0
18180	0
18181	0
18182	1
18183	0
18184	0
18185	0
18186	0
18187	0
18188	0
18189	0
18190	0
18191	0
18192	0
18194	0
18196	0
18197	1
18198	0
18199	0
18200	0
18201	0
18202	0
18203	0
18204	0
18205	0
18206	1
18207	0
18208	0
18209	0
18210	0
18211	0
18212	0
18213	0
18214	0
18215	0
18216	0
18217	0
18218	0
18220	0
18221	0
18222	0
18223	0
18224	0
18225	0
18226	0
18228	0
18229	1
18230	0
18231	0
18232	0
18233	0
18234	0
18235	0
18236	0
18237	0
18238	0
18239	0
18240	0
18241	4
18242	0
18243	0
18244	0
18245	0
18246	0
18247	0
18248	0
18249	0
18250	0
18251	0
18252	0
18253	0
18254	3
18255	0
18256	0
18257	1
18258	1
18259	1
18260	0
18261	1
18262	0
18263	0
18264	0
18265	0
18266	0
18267	0
18268	0
18269	1
18270	0
18271	0
18272	0
18273	1
18274	0
18275	0
18276	0
18277	0
18278	0
18280	0
18281	1
18282	0
18283	0
18284	0
18285	0
18286	0
18287	0
18288	0
18289	0
18290	1
18292	0
18293	0
18294	0
18295	0
18296	0
18297	0
18298	0
18299	0
18300	0
18301	0
18302	0
18303	0
18304	0
18305	0
18306	0
18307	0
18308	0
18309	1
18311	1
18312	1
18313	1
18314	1
18315	1
18317	1
18318	1
18319	1
18320	1
18321	1
18322	1
18323	1
18325	1
18326	1
18327	1
18328	1
18329	1
18331	1
18332	0
18333	0
18334	0
18335	0
18336	0
18337	0
18338	3
18340	0
18341	1
18342	0
18343	1
18344	1
18345	0
18346	0
18347	0
18348	0
18349	0
18350	0
18351	0
18352	0
18353	0
18354	0
18355	0
18357	0
18358	0
18359	0
18360	0
18361	0
18362	0
18363	0
18364	0
18365	0
18366	0
18367	0
18368	0
18369	0
18370	0
18371	1
18372	0
18373	1
18374	0
18375	0
18376	0
18377	0
18378	0
18379	0
18380	0
18381	0
18382	0
18383	0
18384	0
18385	0
18386	0
18387	0
18388	0
18389	0
18390	0
18391	0
18392	0
18393	0
18394	0
18395	0
18396	0
18397	0
18398	1
18399	1
18400	1
18401	1
18402	1
18403	1
18404	1
18405	1
18406	0
18407	1
18408	1
18409	0
18410	0
18411	1
18412	3
18413	0
18414	0
18415	0
18416	0
18417	1
18418	1
18419	1
18420	1
18421	1
18422	1
18423	1
18424	0
18425	0
18426	0
18427	0
18428	0
18429	0
18430	0
18431	0
18432	1
18433	1
18434	1
18435	1
18436	1
18437	0
18438	0
18439	1
18440	1
18441	0
18442	0
18443	0
18444	0
18445	0
18446	0
18447	0
18448	1
18449	0
18450	0
18451	0
18452	0
18453	0
18454	0
18455	0
18456	0
18457	0
18458	0
18459	0
18460	0
18461	0
18462	0
18463	0
18464	0
18465	0
18466	0
18467	0
18468	0
18469	0
18470	0
18471	0
18472	1
18473	1
18474	0
18475	0
18476	0
18477	0
18478	1
18479	0
18480	0
18481	1
18482	0
18483	0
18484	0
18485	0
18486	0
18487	0
18488	1
18489	1
18490	0
18491	0
18492	0
18493	1
18494	0
18495	1
18496	0
18497	1
18498	0
18499	0
18500	0
18501	0
18502	1
18503	0
18504	0
18506	0
18507	0
18521	1
18524	1
18525	1
18526	1
18527	0
18528	1
18529	1
18530	1
18531	1
18532	0
18533	1
18534	0
18535	1
18536	1
18537	1
18538	1
18539	0
18540	0
18541	0
18542	0
18543	1
18544	1
18545	0
18546	0
18547	0
18548	0
18549	1
18550	0
18551	0
18552	1
18553	0
18554	0
18555	0
18556	0
18557	0
18558	0
18559	0
18560	0
18562	0
18563	0
18564	0
18565	0
18566	0
18567	1
18568	0
18581	0
18582	0
18583	0
18584	1
18585	1
18586	1
18587	0
18588	1
18589	0
18590	0
18593	0
18594	0
18595	0
18596	0
18597	0
18598	0
18599	0
18600	0
18601	1
18602	0
18603	1
18604	1
18605	0
18606	0
18607	1
18608	1
18609	1
18610	1
18611	1
18612	1
18613	0
18614	0
18615	1
18616	0
18617	1
18618	1
18619	1
18620	1
18621	1
18622	0
18623	0
18624	3
18625	1
18626	0
18627	0
18628	0
18629	0
18631	1
18632	1
18633	1
18634	1
18635	1
18636	1
18637	1
18638	1
18639	1
18640	1
18641	0
18642	0
18643	1
18644	0
18645	0
18646	0
18647	1
18648	1
18649	0
18650	0
18651	0
18652	0
18653	0
18654	0
18655	0
18656	0
18657	0
18658	0
18659	0
18660	0
18661	0
18662	0
18663	0
18664	0
18665	0
18666	1
18667	1
18668	0
18669	0
18670	0
18671	0
18672	0
18673	1
18674	0
18675	0
18676	0
18677	4
18678	4
18679	4
18680	4
18681	4
18682	4
18683	4
18684	4
18685	4
18686	4
18687	0
18688	0
18689	4
18690	4
18691	0
18692	4
18693	4
18694	4
18695	4
18696	4
18697	4
18698	4
18699	2
18700	0
18701	0
18702	1
18703	1
18704	0
18705	0
18706	0
18707	1
18708	1
18712	0
18713	0
18714	0
18715	0
18716	0
18717	0
18718	0
18719	0
18720	0
18721	0
18722	0
18723	1
18724	0
18725	1
18726	0
18727	0
18728	3
18729	0
18730	0
18731	1
18732	1
18733	1
18734	0
18735	0
18736	0
18737	0
18738	0
18739	0
18740	0
18741	0
18742	0
18743	0
18744	0
18745	0
18747	0
18748	0
18749	0
18750	0
18751	0
18752	0
18753	0
18754	0
18755	0
18756	0
18757	0
18758	0
18759	0
18760	0
18761	0
18762	0
18763	0
18764	0
18765	0
18766	0
18768	0
18769	0
18770	0
18771	0
18772	0
18773	0
18774	0
18775	0
18776	0
18777	0
18778	0
18779	0
18780	3
18781	0
18782	0
18783	0
18785	1
18788	1
18789	1
18790	0
18791	1
18792	0
18793	0
18794	1
18795	0
18796	1
18797	0
18798	0
18799	0
18800	0
18801	0
18802	0
18803	0
18804	0
18805	3
18806	1
18807	1
18808	1
18809	1
18810	0
18811	0
18812	0
18813	0
18814	0
18815	0
18816	1
18817	1
18818	0
18819	0
18820	0
18821	1
18822	1
18823	0
18824	0
18825	0
18826	0
18827	0
18828	0
18829	3
18830	1
18831	3
18832	3
18834	3
18835	3
18836	3
18838	0
18839	0
18840	0
18841	0
18842	0
18843	0
18844	0
18845	0
18846	0
18847	3
18848	1
18849	0
18850	0
18851	0
18852	0
18853	0
18854	0
18855	0
18856	1
18857	0
18858	0
18859	0
18860	0
18861	0
18862	0
18863	0
18864	0
18865	0
18866	0
18867	0
18868	0
18869	0
18870	0
18871	0
18872	0
18873	0
18874	0
18875	0
18876	0
18877	0
18878	0
18879	0
18880	0
18881	0
18882	0
18883	0
18884	0
18885	1
18886	1
18887	0
18888	0
18889	0
18890	0
18891	0
18892	0
18893	0
18894	1
18895	1
18896	0
18897	0
18898	0
18899	0
18900	0
18901	0
18902	0
18903	0
18904	0
18905	0
18906	0
18907	0
18908	0
18909	1
18910	1
18911	0
18912	0
18913	0
18914	0
18915	0
18916	0
18917	0
18918	0
18919	0
18920	0
18921	0
18922	1
18924	0
18925	0
18926	0
18927	0
18928	0
18929	0
18930	1
18931	1
18932	3
18933	0
18934	1
18935	0
18936	0
18937	1
18938	1
18939	1
18940	1
18941	0
18942	1
18943	1
18944	1
18945	1
18946	1
18947	0
18948	1
18949	1
18950	1
18951	0
18952	0
18953	1
18954	0
18955	0
18956	1
18957	0
18958	0
18959	0
18960	0
18961	0
18962	0
18963	0
18964	0
18965	1
18966	1
18967	0
18968	0
18969	1
18970	1
18971	1
18972	1
18973	0
18974	0
18975	0
18976	0
18977	1
18978	0
18979	0
18980	0
18981	0
18982	0
18983	0
18984	0
18985	0
18986	1
18987	0
18988	0
18989	0
18990	0
18991	0
18992	0
18993	0
18994	0
18995	0
18996	0
18997	0
18998	0
18999	0
19000	0
19001	0
19002	0
19003	0
19004	0
19005	1
19006	1
19007	1
19008	0
19009	0
19010	0
19011	0
19012	0
19013	0
19014	0
19015	0
19016	0
19017	0
19018	0
19019	0
19020	0
19021	0
19022	0
19023	0
19024	0
19025	0
19026	0
19027	0
19028	0
19029	0
19030	0
19031	0
19032	0
19033	0
19034	1
19035	0
19036	0
19037	0
19038	0
19039	0
19040	0
19041	0
19042	0
19043	1
19044	3
19045	0
19046	0
19047	0
19048	0
19049	0
19050	1
19051	0
19052	0
19053	0
19054	0
19055	1
19056	0
19057	0
19058	0
19059	0
19060	0
19063	1
19064	0
19065	0
19066	1
19067	0
19068	1
19069	0
19070	0
19071	1
19072	0
19073	0
19074	0
19075	0
19076	0
19077	0
19078	0
19079	0
19080	0
19081	0
19082	0
19083	0
19084	0
19085	0
19086	0
19087	0
19088	0
19089	0
19090	0
19091	0
19092	0
19093	0
19094	0
19095	0
19096	0
19097	0
19098	0
19099	0
19100	0
19101	0
19102	0
19103	0
19104	0
19105	0
19106	0
19107	0
19108	0
19109	0
19110	0
19111	0
19112	0
19113	0
19114	0
19115	0
19116	0
19117	0
19118	0
19119	0
19120	0
19121	0
19122	0
19123	0
19124	0
19125	0
19126	0
19127	0
19128	0
19129	0
19130	0
19131	0
19132	0
19133	0
19134	0
19135	0
19136	0
19137	0
19138	0
19139	0
19140	0
19141	0
19142	0
19144	0
19145	0
19146	0
19147	0
19148	0
19149	0
19150	0
19151	0
19152	1
19153	0
19154	0
19155	0
19156	0
19157	0
19158	0
19159	0
19160	0
19161	0
19162	0
19163	0
19164	0
19165	0
19166	1
19167	1
19168	1
19169	0
19170	0
19171	0
19172	0
19173	0
19174	0
19175	0
19176	0
19177	0
19178	0
19179	0
19180	0
19181	0
19182	0
19183	0
19184	0
19185	0
19186	0
19187	0
19188	1
19189	0
19190	0
19191	1
19192	0
19193	0
19194	0
19195	0
19196	0
19197	0
19198	0
19199	1
19200	0
19201	1
19202	1
19203	0
19204	0
19205	0
19206	0
19207	0
19208	1
19209	1
19210	0
19211	0
19212	0
19213	0
19214	3
19215	0
19216	1
19217	0
19218	1
19219	1
19220	1
19221	1
19222	0
19223	0
19224	1
19225	0
19226	0
19227	0
19228	0
19229	1
19230	0
19231	1
19232	0
19233	0
19234	0
19235	0
19236	0
19237	0
19238	0
19239	0
19240	0
19241	0
19242	0
19243	0
19244	0
19245	0
19246	0
19247	0
19248	0
19249	0
19250	0
19251	0
19252	0
19253	1
19254	1
19255	1
19256	1
19257	1
19258	1
19259	0
19260	1
19261	0
19262	0
19263	0
19264	1
19265	1
19266	1
19267	0
19268	0
19269	0
19270	0
19271	0
19272	0
19273	1
19274	0
19275	0
19276	0
19277	0
19278	0
19279	0
19280	0
19281	0
19282	0
19283	0
19284	0
19285	0
19286	0
19287	0
19288	1
19289	0
19290	0
19291	0
19292	0
19293	0
19294	0
19295	0
19296	0
19297	0
19298	0
19299	1
19300	0
19301	0
19302	0
19303	0
19304	0
19305	1
19306	0
19307	1
19308	1
19309	1
19310	1
19311	0
19312	1
19313	0
19314	1
19315	1
19316	1
19317	1
19318	0
19319	0
19320	0
19321	0
19322	0
19323	0
19324	0
19325	0
19326	0
19327	0
19328	0
19329	0
19330	0
19331	0
19332	0
19333	0
19334	0
19335	0
19336	0
19337	0
19338	0
19339	0
19340	0
19341	0
19342	0
19343	0
19344	0
19345	0
19346	0
19347	0
19348	0
19349	0
19350	0
19351	0
19352	0
19353	1
19354	1
19355	0
19356	0
19357	0
19358	0
19359	0
19361	0
19362	1
19363	0
19364	0
19365	0
19366	0
19367	0
19368	0
19369	0
19370	0
19371	0
19372	0
19373	0
19374	0
19375	0
19376	0
19377	0
19378	0
19379	1
19380	1
19381	0
19382	0
19383	0
19384	0
19385	1
19386	0
19387	0
19388	0
19389	1
19390	0
19391	1
19392	0
19393	1
19394	0
19395	0
19397	1
19398	1
19399	1
19400	1
19401	1
19402	0
19403	0
19404	0
19405	0
19406	0
19407	0
19408	0
19409	1
19410	0
19411	0
19412	1
19413	0
19414	0
19415	0
19416	0
19417	0
19418	0
19419	0
19420	0
19421	0
19422	0
19423	0
19424	0
19425	0
19426	0
19427	1
19428	1
19429	1
19430	0
19431	0
19432	0
19433	0
19434	0
19435	0
19436	0
19437	0
19438	1
19439	0
19440	0
19441	0
19442	0
19443	1
19444	0
19445	0
19446	0
19447	0
19449	1
19450	0
19451	0
19452	0
19453	0
19454	0
19455	0
19456	0
19457	0
19458	0
19459	0
19460	0
19461	0
19463	0
19464	0
19466	0
19467	0
19468	1
19469	1
19470	0
19471	0
19472	0
19473	0
19474	0
19475	0
19476	0
19477	0
19478	0
19479	0
19480	1
19481	0
19482	0
19483	0
19484	0
19485	0
19486	1
19487	0
19488	0
19489	0
19490	0
19491	0
19492	0
19493	0
19494	0
19495	0
19496	0
19497	0
19498	0
19499	0
19500	0
19501	0
19502	0
19503	0
19504	1
19505	1
19506	0
19507	1
19508	1
19509	1
19510	1
19511	1
19512	1
19513	1
19514	3
19516	3
19517	1
19518	1
19519	0
19520	1
19521	1
19522	0
19523	1
19524	1
19525	0
19526	1
19527	0
19528	1
19529	1
19530	1
19531	0
19532	1
19533	0
19534	0
19535	0
19536	0
19537	0
19538	0
19539	0
19540	0
19541	1
19542	0
19543	0
19544	0
19545	0
19546	0
19547	0
19548	0
19549	0
19550	0
19551	1
19552	0
19553	0
19554	1
19555	0
19556	3
19557	0
19558	1
19559	0
19560	0
19561	0
19562	0
19563	0
19564	0
19565	0
19566	0
19567	0
19568	0
19569	0
19570	0
19571	0
19572	0
19573	0
19574	0
19575	0
19576	0
19577	0
19578	0
19579	0
19580	0
19581	1
19582	0
19583	1
19584	0
19585	0
19586	0
19587	0
19588	0
19589	0
19590	0
19591	1
19592	1
19593	0
19594	1
19595	0
19596	1
19597	3
19598	0
19599	0
19600	0
19601	1
19602	1
19603	1
19604	3
19605	1
19606	0
19607	0
19608	0
19609	0
19610	0
19611	1
19612	0
19613	1
19614	0
19615	0
19616	0
19617	0
19618	0
19619	0
19620	0
19621	0
19622	3
19623	0
19624	0
19625	1
19626	0
19627	1
19628	0
19629	0
19630	0
19631	0
19632	1
19633	1
19634	0
19635	0
19636	0
19637	0
19638	0
19639	0
19640	0
19641	0
19642	0
19643	0
19644	0
19645	0
19646	0
19647	3
19648	0
19649	0
19650	0
19651	1
19652	0
19653	0
19654	0
19655	0
19656	0
19657	0
19658	0
19659	0
19660	0
19661	0
19662	0
19663	0
19664	0
19665	0
19666	1
19667	0
19668	0
19669	0
19670	0
19671	1
19672	0
19673	0
19674	1
19675	1
19676	1
19677	1
19678	0
19679	0
19680	0
19681	0
19682	0
19683	0
19684	0
19685	0
19686	0
19687	1
19688	0
19689	0
19690	0
19691	0
19692	0
19693	0
19694	0
19695	0
19696	0
19697	0
19698	0
19700	0
19701	0
19702	0
19703	0
19704	0
19705	0
19706	0
19707	0
19708	0
19709	0
19710	1
19711	1
19712	1
19713	1
19714	1
19715	0
19716	0
19717	0
19718	0
19719	0
19720	1
19721	0
19722	0
19723	0
19724	0
19725	0
19726	0
19727	0
19728	0
19729	0
19730	0
19731	0
19732	0
19733	0
19734	0
19735	1
19736	0
19737	0
19738	0
19739	0
19740	0
19741	0
19742	0
19743	0
19744	0
19745	0
19746	0
19747	1
19748	0
19749	0
19750	0
19751	0
19752	0
19753	0
19754	0
19755	0
19756	0
19757	0
19758	0
19759	0
19760	0
19761	0
19762	0
19763	0
19764	0
19765	0
19766	0
19767	0
19768	0
19769	0
19770	0
19771	0
19772	0
19773	0
19774	0
19775	0
19776	0
19777	0
19778	0
19779	0
19780	0
19781	1
19782	1
19783	1
19784	0
19785	0
19786	0
19787	0
19788	0
19789	0
19790	0
19791	0
19792	0
19793	0
19794	0
19795	0
19796	0
19797	1
19798	0
19799	0
19800	0
19801	0
19802	0
19803	0
19804	0
19805	0
19806	0
19807	0
19808	0
19809	0
19810	0
19811	0
19812	0
19813	0
19814	0
19815	0
19816	0
19817	0
19818	0
19819	0
19820	0
19821	0
19822	0
19823	1
19824	1
19825	0
19826	0
19827	0
19828	0
19829	0
19830	0
19831	0
19832	0
19833	5
19835	0
19836	0
19837	0
19838	0
19839	1
19840	1
19841	0
19842	0
19843	1
19844	0
19845	0
19846	0
19847	1
19848	0
19849	1
19850	0
19851	1
19852	0
19853	0
19854	0
19855	1
19856	0
19857	0
19858	0
19859	1
19860	0
19861	0
19862	0
19863	0
19864	0
19865	1
19866	0
19867	0
19868	0
19869	0
19870	0
19871	0
19872	1
19873	1
19874	1
19875	1
19876	1
19877	0
19878	1
19879	0
19880	0
19881	0
19882	0
19883	0
19884	1
19885	1
19886	1
19887	1
19888	1
19889	1
19890	1
19891	1
19892	1
19893	1
19894	1
19895	1
19896	0
19897	0
19898	0
19899	0
19900	0
19901	1
19902	0
19903	1
19904	0
19905	1
19906	1
19907	1
19908	1
19909	0
19910	1
19911	0
19912	0
19913	0
19914	0
19915	0
19916	0
19917	0
19918	1
19919	0
19920	0
19921	5
19922	0
19923	0
19924	0
19925	0
19926	0
19927	1
19928	1
19929	1
19930	1
19931	1
19932	1
19933	1
19934	1
19935	1
19936	1
19937	0
19938	1
19939	0
19940	1
19941	0
19942	0
19943	0
19944	0
19945	0
19946	0
19947	0
19948	0
19949	0
19950	1
19951	1
19952	0
19953	0
19954	0
19956	0
19957	0
19958	0
19959	0
19960	0
19961	0
19962	0
19963	1
19964	0
19965	0
19966	0
19967	0
19968	0
19969	0
19970	0
19971	0
19972	0
19973	0
19974	0
19975	0
19976	0
19978	0
19979	0
19980	0
19981	0
19982	0
19983	0
19984	0
19985	0
19986	0
19987	0
19988	0
19989	0
19990	0
19991	0
19992	0
19993	0
19994	0
19995	0
19996	1
19997	1
19998	0
19999	0
20000	0
20001	0
20002	1
20003	0
20010	1
20011	1
20012	1
20013	1
20014	1
20019	0
20020	0
20021	0
20022	0
20023	0
20024	0
20025	0
20026	0
20027	0
20028	0
20029	0
20030	0
20031	1
20032	1
20033	1
20034	1
20035	1
20036	1
20037	1
20038	1
20039	1
20040	1
20041	1
20042	1
20043	1
20044	1
20045	1
20046	1
20047	1
20048	1
20049	1
20050	1
20051	1
20052	1
20053	1
20054	1
20055	0
20058	0
20059	1
20060	3
20061	0
20062	3
20063	3
20064	3
20066	0
20067	0
20068	0
20069	1
20071	0
20072	0
20073	0
20074	0
20075	0
20076	1
20078	0
20079	0
20080	0
20081	0
20082	0
20083	1
20084	0
20085	0
20086	0
20087	0
20088	0
20089	0
20090	0
20091	0
20092	0
20093	0
20094	0
20095	0
20096	0
20097	0
20098	0
20099	0
20100	0
20101	0
20102	0
20103	0
20104	0
20105	0
20106	0
20107	0
20109	0
20110	1
20111	1
20112	0
20113	0
20114	0
20115	0
20116	0
20117	0
20118	1
20119	1
20120	1
20121	0
20122	0
20123	0
20124	0
20125	0
20126	1
20127	0
20128	0
20129	1
20130	1
20131	1
20132	1
20133	1
20134	0
20135	0
20136	0
20137	0
20138	1
20139	0
20140	0
20141	0
20142	1
20143	0
20144	0
20145	0
20146	0
20148	0
20149	0
20150	0
20151	0
20152	0
20153	0
20154	0
20155	0
20156	0
20157	0
20158	0
20159	0
20160	0
20161	0
20162	1
20163	0
20164	1
20165	1
20166	0
20167	0
20168	1
20169	1
20170	0
20171	0
20172	0
20173	1
20174	1
20175	1
20176	1
20177	1
20178	1
20179	1
20180	1
20181	1
20182	1
20183	1
20184	1
20185	1
20186	0
20187	1
20188	1
20189	0
20190	1
20191	1
20192	1
20193	1
20194	0
20195	0
20196	0
20197	0
20198	0
20199	0
20200	0
20201	1
20202	1
20203	0
20204	0
20205	0
20206	0
20207	0
20208	0
20209	0
20210	0
20211	0
20212	0
20213	0
20214	0
20215	0
20216	1
20217	0
20218	0
20219	0
20220	0
20221	0
20222	0
20223	0
20224	0
20225	0
20226	0
20227	0
20229	0
20230	0
20231	1
20232	0
20233	0
20234	1
20235	1
20236	1
20237	1
20238	1
20239	0
20240	0
20241	0
20242	0
20243	1
20244	0
20245	0
20246	0
20247	0
20248	0
20249	0
20250	0
20251	0
20252	0
20253	0
20254	0
20255	1
20256	1
20257	1
20258	1
20259	1
20260	1
20261	1
20262	0
20263	0
20264	1
20265	1
20266	1
20267	1
20268	1
20269	1
20270	0
20271	1
20272	1
20273	1
20274	1
20275	0
20276	1
20277	0
20278	0
20279	0
20280	0
20281	0
20282	0
20283	0
20284	0
20285	0
20286	0
20287	0
20288	0
20289	0
20290	0
20291	0
20292	0
20293	0
20294	0
20295	0
20296	0
20297	0
20298	1
20299	1
20300	1
20301	1
20302	1
20303	1
20304	0
20305	0
20306	1
20307	0
20308	0
20309	0
20310	0
20311	0
20312	0
20313	0
20314	0
20315	1
20316	0
20317	0
20318	1
20319	1
20320	0
20321	0
20322	0
20323	0
20324	0
20325	0
20326	0
20327	0
20329	0
20330	0
20331	1
20332	0
20333	0
20334	0
20335	0
20336	0
20337	0
20338	0
20339	1
20340	0
20341	0
20342	0
20343	0
20344	0
20345	0
20346	0
20347	0
20348	0
20349	0
20350	0
20351	0
20352	0
20353	0
20354	0
20355	0
20356	0
20357	0
20358	0
20359	0
20360	0
20361	0
20362	1
20363	0
20364	0
20365	0
20366	0
20367	0
20368	0
20369	0
20370	0
20371	0
20372	0
20373	0
20374	1
20375	0
20376	0
20377	0
20378	0
20379	0
20380	0
20381	1
20382	1
20383	1
20384	1
20385	1
20386	1
20387	0
20388	1
20389	0
20390	1
20391	0
20392	0
20393	0
20394	0
20395	0
20396	0
20397	0
20398	0
20399	0
20400	0
20401	0
20402	0
20403	0
20404	0
20405	0
20406	0
20407	0
20408	0
20409	0
20410	0
20411	0
20412	0
20413	0
20414	0
20415	0
20416	0
20417	0
20418	0
20419	0
20420	0
20421	0
20422	0
20423	0
20424	0
20425	0
20426	0
20427	0
20428	0
20429	0
20430	0
20431	0
20432	0
20433	0
20434	0
20435	0
20436	0
20438	0
20439	0
20440	0
20441	0
20442	0
20443	0
20444	0
20445	1
20446	0
20447	0
20448	0
20449	0
20450	0
20451	0
20452	0
20453	0
20454	1
20455	0
20456	0
20457	0
20458	0
20459	0
20460	1
20461	0
20462	0
20463	0
20464	0
20465	1
20466	0
20467	0
20468	0
20469	0
20470	0
20471	0
20472	0
20473	0
20474	0
20475	0
20476	0
20477	0
20478	0
20479	0
20480	0
20481	1
20482	0
20483	1
20484	1
20485	1
20486	0
20488	0
20489	0
20490	0
20491	0
20492	0
20493	0
20494	0
20495	0
20496	0
20497	0
20498	0
20499	0
20500	0
20501	0
20502	0
20503	0
20504	0
20505	0
20506	0
20507	0
20508	0
20509	0
20510	0
20511	0
20512	0
20513	0
20514	0
20515	1
20516	0
20517	0
20518	0
20519	0
20520	0
20521	1
20522	0
20523	0
20524	0
20525	1
20526	1
20527	1
20528	1
20529	1
20530	1
20531	1
20532	1
20533	1
20534	1
20535	1
20536	1
20537	1
20538	1
20539	1
20540	1
20541	0
20542	1
20543	1
20544	0
20545	1
20546	1
20547	1
20548	1
20549	1
20550	0
20551	0
20552	0
20553	0
20554	0
20555	1
20556	0
20557	0
20558	0
20560	0
20561	0
20562	0
20563	1
20564	0
20565	1
20566	0
20567	0
20568	1
20569	0
20570	0
20571	0
20572	1
20573	1
20574	1
20575	0
20576	1
20577	1
20578	0
20579	1
20580	1
20581	1
20582	1
20583	1
20584	1
20585	1
20586	1
20587	1
20588	1
20589	1
20590	1
20591	1
20592	0
20593	1
20594	1
20595	0
20596	1
20597	1
20598	0
20599	1
20600	1
20601	0
20602	3
20603	0
20604	0
20605	0
20606	0
20607	0
20608	0
20609	0
20610	0
20611	0
20612	0
20613	0
20614	0
20615	0
20616	0
20617	0
20618	0
20619	0
20620	1
20621	1
20622	1
20623	1
20624	1
20625	1
20626	1
20627	1
20628	1
20629	1
20630	1
20631	0
20632	0
20633	1
20634	0
20635	0
20636	1
20637	1
20638	1
20639	1
20640	1
20641	1
20642	1
20643	0
20644	1
20645	1
20646	1
20647	1
20648	1
20649	1
20650	1
20651	1
20652	1
20653	1
20654	0
20655	0
20656	1
20657	1
20658	0
20659	0
20660	1
20661	1
20662	0
20663	1
20664	0
20665	1
20666	0
20667	0
20668	0
20669	0
20670	0
20671	0
20672	1
20673	0
20674	1
20675	0
20676	0
20677	0
20678	0
20679	0
20680	0
20681	0
20682	1
20683	0
20684	0
20685	0
20686	1
20687	0
20688	1
20689	0
20690	1
20691	1
20692	1
20693	1
20694	1
20695	1
20696	1
20697	1
20698	1
20699	1
20700	1
20701	1
20702	0
20703	0
20704	0
20705	0
20706	1
20707	0
20708	0
20709	1
20710	0
20713	0
20714	0
20716	0
20717	0
20718	0
20719	0
20720	0
20722	0
20723	0
20724	0
20725	0
20726	0
20727	0
20728	0
20729	1
20730	0
20731	0
20732	0
20733	0
20734	0
20735	1
20736	0
20737	1
20738	1
20739	0
20740	0
20741	0
20742	1
20743	0
20744	1
20745	1
20746	1
20747	0
20748	0
20749	0
20751	0
20752	0
20753	0
20754	0
20755	0
20756	1
20757	1
20762	1
20763	0
20764	0
20765	0
20766	0
20767	0
20768	0
20769	0
20770	0
20771	0
20772	1
20773	0
20774	0
20775	0
20776	0
20777	0
20778	0
20779	1
20780	0
20781	0
20782	0
20783	0
20784	0
20785	0
20786	0
20787	0
20788	0
20789	0
20790	0
20791	0
20792	0
20793	1
20794	1
20795	0
20796	0
20797	0
20798	0
20799	1
20800	1
20801	1
20802	0
20803	0
20804	0
20805	0
20806	0
20807	0
20808	0
20809	0
20810	0
20811	0
20812	0
20813	0
20814	0
20815	0
20816	0
20817	0
20818	0
20819	0
20820	0
20821	0
20822	0
20823	0
20824	0
20825	0
20826	0
20827	0
20828	0
20829	0
20830	0
20831	0
20832	0
20833	0
20834	0
20835	0
20836	0
20837	0
20838	0
20839	0
20840	0
20841	0
20842	0
20843	0
20844	0
20845	0
20846	0
20847	0
20848	0
20849	0
20850	0
20851	0
20852	0
20853	0
20854	0
20855	0
20856	0
20857	1
20858	0
20859	1
20860	0
20861	0
20862	0
20863	0
20864	1
20865	0
20866	1
20867	1
20868	1
20869	1
20870	1
20871	0
20872	0
20873	1
20874	0
20875	1
20876	0
20877	0
20878	0
20879	1
20880	1
20881	1
20882	1
20883	1
20884	0
20885	1
20886	1
20887	0
20888	1
20889	0
20890	0
20891	0
20892	0
20893	0
20894	0
20895	0
20896	1
20897	1
20898	1
20899	0
20900	1
20901	1
20902	1
20903	0
20904	1
20905	1
20906	1
20907	0
20908	1
20909	1
20910	1
20911	1
20912	1
20913	0
20914	0
20915	0
20916	0
20917	0
20918	0
20919	0
20920	1
20921	0
20922	1
20923	1
20924	0
20925	0
20926	0
20927	0
20928	0
20929	0
20930	0
20931	0
20932	4
20933	0
20934	0
20935	0
20936	0
20937	0
20938	0
20939	0
20940	0
20941	0
20942	0
20943	0
20944	0
20945	0
20946	0
20947	0
20948	0
20949	0
20950	0
20951	0
20952	0
20953	0
20954	0
20955	0
20956	0
20957	0
20958	0
20959	0
20960	0
20961	0
20962	0
20963	0
20964	0
20965	0
20966	0
20967	0
20968	0
20969	0
20970	0
20971	0
20972	0
20973	0
20974	0
20975	0
20976	0
20977	1
20978	0
20979	0
20980	0
20981	0
20982	0
20983	0
20984	0
20985	0
20986	0
20987	0
20988	1
20989	0
20990	1
20991	0
20992	1
20993	1
20994	0
20995	0
20998	0
20999	0
21001	1
21002	0
21003	3
21004	0
21005	0
21006	0
21007	0
21008	0
21009	0
21010	0
21011	0
21012	0
21013	0
21014	0
21015	0
21016	0
21017	0
21018	0
21019	0
21020	0
21021	0
21022	0
21023	0
21024	0
21025	0
21026	0
21027	0
21029	0
21030	0
21031	0
21032	0
21033	0
21034	0
21035	1
21036	0
21037	0
21038	0
21039	0
21040	0
21041	0
21042	0
21043	0
21044	0
21045	0
21046	0
21047	0
21048	0
21049	0
21050	0
21051	0
21052	0
21053	0
21054	0
21055	0
21056	0
21057	0
21058	0
21059	0
21060	0
21061	0
21062	0
21063	0
21064	0
21065	0
21066	0
21067	0
21068	0
21069	0
21070	0
21071	0
21072	0
21073	0
21074	0
21075	0
21076	0
21077	0
21078	0
21079	0
21080	0
21081	1
21082	0
21083	0
21084	0
21085	0
21086	0
21087	0
21088	0
21089	0
21090	0
21091	0
21092	0
21093	1
21094	0
21095	0
21096	0
21097	0
21098	0
21099	0
21100	0
21101	0
21102	1
21103	0
21104	1
21105	0
21106	0
21107	1
21108	0
21109	0
21110	0
21111	0
21112	0
21113	0
21114	0
21115	0
21116	0
21117	0
21118	1
21119	0
21120	0
21121	0
21122	0
21123	0
21124	0
21126	1
21127	1
21128	1
21129	0
21130	0
21131	0
21132	0
21133	1
21134	0
21135	0
21136	0
21137	0
21138	0
21139	0
21140	1
21142	0
21143	0
21144	0
21145	0
21146	0
21147	0
21148	1
21149	0
21150	0
21151	0
21152	0
21153	0
21154	0
21155	1
21156	1
21157	0
21158	0
21159	0
21160	1
21161	0
21162	0
21163	0
21164	1
21165	0
21166	1
21167	0
21168	1
21169	1
21170	0
21171	1
21172	0
21173	0
21174	3
21175	0
21176	0
21177	1
21178	1
21179	0
21180	0
21181	1
21182	0
21183	0
21184	0
21185	0
21186	0
21187	1
21188	0
21189	0
21190	0
21191	0
21192	0
21193	0
21194	0
21195	0
21196	0
21197	0
21198	0
21199	0
21200	0
21201	0
21202	0
21203	0
21204	0
21205	1
21206	0
21207	0
21208	0
21209	0
21210	0
21211	0
21212	3
21213	3
21214	3
21215	3
21216	3
21217	3
21218	1
21219	1
21220	1
21221	1
21222	1
21223	0
21224	1
21225	1
21226	1
21227	1
21228	1
21229	1
21230	1
21231	1
21232	1
21233	0
21234	0
21235	0
21236	0
21237	0
21238	0
21239	0
21240	0
21241	0
21242	0
21243	0
21244	0
21245	0
21246	1
21247	0
21248	0
21249	1
21250	0
21251	1
21252	0
21253	1
21254	0
21255	1
21256	1
21257	0
21258	0
21259	0
21260	1
21261	0
21262	0
21263	1
21264	0
21265	0
21266	0
21267	0
21268	1
21269	1
21270	1
21271	1
21272	1
21273	1
21274	1
21275	0
21276	0
21277	0
21278	0
21279	0
21281	0
21283	0
21284	0
21285	0
21286	0
21287	0
21288	0
21289	0
21290	0
21291	0
21292	0
21293	0
21294	0
21295	0
21296	0
21297	0
21298	1
21299	1
21300	0
21301	1
21302	0
21303	1
21304	1
21305	0
21306	0
21307	0
21308	0
21309	0
21310	0
21311	0
21312	0
21313	0
21314	0
21315	1
21316	0
21317	0
21318	0
21319	0
21320	0
21321	0
21322	0
21323	0
21324	0
21325	1
21326	0
21328	0
21329	0
21330	1
21331	0
21332	0
21333	0
21334	0
21335	0
21336	0
21337	0
21338	0
21339	1
21340	0
21341	0
21342	0
21343	0
21344	0
21345	0
21346	0
21347	0
21348	0
21349	0
21350	1
21351	0
21352	0
21353	0
21354	0
21355	0
21356	1
21357	0
21358	0
21359	0
21360	0
21361	0
21362	1
21363	0
21364	0
21365	0
21366	0
21367	0
21368	0
21369	0
21370	0
21371	0
21372	0
21373	0
21374	0
21375	0
21376	0
21378	0
21380	0
21381	0
21382	0
21383	0
21384	0
21385	0
21386	0
21387	0
21388	0
21389	0
21390	0
21391	0
21392	0
21393	0
21394	0
21395	0
21396	0
21397	0
21398	0
21399	0
21400	0
21401	0
21402	0
21403	0
21404	1
21405	0
21406	0
21407	0
21408	0
21409	0
21410	1
21411	1
21412	0
21413	0
21414	0
21415	0
21416	0
21417	0
21418	0
21419	0
21420	0
21421	0
21422	0
21423	0
21424	0
21425	1
21426	1
21427	1
21428	0
21429	0
21430	0
21432	0
21434	0
21435	0
21436	0
21437	0
21438	0
21439	0
21440	0
21441	0
21443	0
21444	0
21445	0
21446	0
21447	0
21448	0
21449	0
21450	0
21451	0
21452	0
21453	0
21454	0
21455	0
21456	0
21457	0
21458	0
21459	0
21460	0
21461	0
21462	0
21463	0
21464	0
21465	1
21466	1
21467	1
21468	0
21469	0
21470	0
21471	0
21472	0
21473	0
21474	1
21475	0
21476	0
21477	0
21478	0
21479	0
21480	0
21481	0
21482	0
21483	1
21484	1
21485	1
21487	1
21488	1
21489	0
21490	0
21491	0
21492	0
21493	0
21494	0
21495	0
21496	0
21497	1
21498	0
21499	0
21500	1
21501	1
21502	0
21503	0
21504	1
21505	0
21506	1
21507	0
21508	1
21510	0
21511	0
21512	0
21513	0
21514	1
21515	0
21516	0
21517	0
21518	0
21519	0
21520	0
21521	0
21522	1
21523	1
21524	1
21525	1
21526	1
21527	1
21528	1
21529	1
21530	1
21531	0
21532	1
21533	1
21534	0
21535	0
21536	1
21537	1
21538	1
21539	1
21540	1
21541	1
21542	1
21543	1
21544	1
21545	1
21546	1
21547	1
21548	1
21549	1
21550	0
21551	1
21552	0
21553	0
21554	0
21555	0
21556	0
21557	0
21558	1
21559	1
21560	1
21561	0
21562	1
21563	1
21564	1
21565	1
21566	0
21567	0
21568	1
21569	0
21570	1
21571	1
21572	1
21573	1
21574	1
21575	1
21576	1
21577	1
21578	1
21579	0
21580	0
21581	1
21582	1
21583	0
21584	0
21585	1
21586	1
21587	1
21588	1
21589	1
21590	1
21591	1
21592	1
21593	1
21594	1
21595	1
21596	1
21597	1
21598	1
21599	1
21600	1
21601	1
21602	1
21603	0
21604	1
21605	1
21606	1
21607	0
21608	1
21609	0
21610	1
21611	1
21612	0
21613	1
21614	1
21615	1
21616	1
21617	1
21618	1
21619	1
21620	0
21621	1
21622	1
21623	1
21624	1
21625	0
21626	1
21627	0
21628	0
21629	0
21630	0
21631	0
21632	0
21633	0
21634	0
21635	0
21636	0
21637	0
21638	0
21639	1
21640	0
21641	0
21642	0
21643	0
21644	0
21645	1
21646	0
21647	1
21648	1
21649	0
21650	0
21651	0
21652	0
21653	0
21654	0
21655	0
21656	0
21657	1
21658	1
21659	0
21660	0
21661	0
21662	0
21663	0
21664	1
21665	0
21666	0
21667	0
21668	0
21669	0
21670	0
21671	0
21672	0
21673	0
21674	0
21675	0
21676	0
21677	0
21678	0
21679	0
21680	0
21681	0
21682	1
21683	1
21684	1
21685	0
21686	0
21687	0
21688	0
21689	1
21690	0
21691	0
21692	0
21694	1
21695	1
21696	0
21697	1
21698	1
21699	1
21700	1
21701	0
21702	1
21703	0
21704	0
21705	0
21706	0
21707	0
21708	0
21709	0
21710	0
21711	0
21712	1
21713	0
21714	0
21715	0
21716	0
21717	0
21718	0
21719	0
21720	0
21721	0
21722	0
21723	0
21724	1
21725	0
21726	1
21727	0
21728	0
21729	0
21730	1
21731	0
21732	0
21733	0
21734	0
21735	0
21736	0
21737	0
21738	0
21739	0
21740	0
21741	0
21742	0
21743	0
21744	0
21746	0
21747	1
21748	1
21749	0
21750	1
21751	0
21752	1
21753	0
21754	0
21755	0
21756	0
21757	0
21758	0
21759	0
21760	0
21761	0
21762	0
21763	0
21764	0
21765	0
21766	1
21767	0
21768	1
21769	1
21770	1
21771	1
21772	1
21773	1
21774	1
21775	1
21776	0
21777	1
21778	0
21779	0
21780	0
21781	0
21782	0
21783	0
21784	0
21785	1
21786	0
21787	0
21788	0
21789	0
21790	0
21791	0
21792	0
21793	0
21794	0
21795	0
21796	0
21797	1
21798	0
21799	0
21800	0
21801	1
21802	0
21803	0
21804	0
21805	0
21806	1
21807	0
21808	0
21809	0
21810	0
21811	0
21812	1
21814	0
21815	0
21816	0
21817	0
21818	0
21819	0
21820	0
21821	0
21822	0
21823	1
21824	0
21826	0
21827	0
21829	0
21830	0
21831	0
21832	0
21833	0
21834	0
21835	0
21836	0
21837	0
21838	1
21839	0
21840	0
21841	1
21842	1
21843	1
21844	1
21845	3
21846	0
21847	0
21848	0
21849	0
21850	0
21851	0
21852	0
21853	0
21854	0
21855	0
21856	0
21857	1
21858	1
21859	0
21860	0
21861	0
21862	1
21863	1
21864	0
21865	1
21866	0
21867	1
21868	1
21869	0
21870	0
21871	0
21872	0
21873	1
21874	1
21875	3
21876	0
21877	1
21878	0
21879	0
21880	0
21881	0
21882	0
21883	0
21884	0
21885	0
21886	0
21887	0
21888	0
21889	1
21891	0
21892	0
21893	0
21894	0
21895	0
21896	0
21897	0
21898	0
21899	0
21900	0
21901	0
21902	0
21903	0
21904	1
21905	0
21906	0
21907	0
21908	0
21909	0
21910	0
21911	0
21912	0
21913	1
21914	1
21915	0
21916	0
21917	1
21918	1
21919	1
21920	1
21921	0
21922	0
21923	0
21924	0
21925	0
21926	0
21928	0
21929	0
21930	0
21931	0
21932	3
21933	0
21934	0
21935	0
21936	0
21937	0
21938	0
21939	0
21940	0
21941	0
21942	0
21943	1
21944	0
21945	0
21946	0
21947	0
21949	1
21950	1
21951	1
21952	1
21953	1
21954	1
21955	1
21956	0
21957	0
21958	0
21959	1
21960	0
21961	1
21962	0
21963	0
21964	1
21965	1
21966	1
21967	0
21968	0
21969	0
21970	0
21971	0
21972	0
21973	0
21974	0
21975	1
21976	1
21977	0
21978	0
21979	1
21980	0
21981	0
21982	0
21983	0
21984	1
21985	0
21986	1
21987	0
21988	0
21989	0
21990	1
21991	1
21992	0
21993	0
21994	0
21995	0
21996	0
21997	0
21998	1
21999	0
22000	0
22001	0
22002	0
22003	0
22004	1
22005	0
22006	1
22007	0
22008	0
22009	0
22010	1
22011	1
22012	1
22013	0
22014	0
22015	0
22016	0
22017	0
22018	0
22019	0
22020	0
22021	0
22022	0
22023	0
22024	0
22025	0
22026	0
22027	1
22028	1
22029	1
22030	1
22031	1
22032	1
22033	1
22034	1
22035	1
22036	1
22037	0
22038	1
22039	0
22040	0
22041	0
22042	0
22043	0
22044	0
22045	0
22046	0
22047	0
22048	0
22049	0
22050	0
22051	1
22052	0
22053	0
22054	1
22055	1
22056	1
22057	0
22058	0
22059	1
22060	4
22061	1
22062	4
22063	0
22064	1
22065	0
22066	0
22067	1
22068	0
22069	0
22070	0
22071	0
22072	1
22073	0
22074	1
22075	1
22076	1
22077	1
22078	0
22079	0
22080	0
22081	0
22082	0
22083	1
22084	0
22085	1
22086	0
22087	0
22088	0
22089	1
22090	0
22091	0
22093	1
22094	0
22095	0
22096	0
22097	0
22098	0
22099	0
22100	0
22101	0
22102	0
22103	1
22104	0
22105	0
22106	1
22107	0
22108	0
22109	0
22110	0
22111	0
22112	1
22113	1
22114	0
22115	0
22116	0
22117	0
22118	0
22119	1
22120	1
22121	0
22122	1
22123	0
22124	0
22125	0
22126	0
22127	1
22128	1
22129	1
22130	0
22131	0
22132	0
22133	1
22134	0
22135	0
22136	0
22137	1
22138	0
22139	0
22140	0
22141	0
22142	0
22143	0
22144	0
22145	0
22146	0
22147	0
22148	0
22149	0
22150	0
22151	1
22152	0
22160	0
22161	0
22162	0
22163	0
22164	0
22165	0
22166	0
22167	1
22168	0
22169	0
22170	1
22171	1
22172	1
22173	0
22174	1
22175	0
22176	0
22177	0
22180	0
22181	0
22182	0
22185	0
22186	0
22187	0
22188	0
22189	0
22190	1
22191	0
22192	1
22193	0
22194	0
22195	0
22196	1
22197	0
22199	1
22200	1
22201	0
22202	0
22203	0
22204	0
22205	0
22206	1
22207	0
22208	0
22209	0
22210	1
22211	1
22212	0
22213	0
22214	0
22215	1
22216	1
22217	0
22218	0
22219	0
22220	0
22221	0
22224	0
22225	0
22226	0
22227	0
22228	0
22229	0
22230	0
22231	0
22232	0
22233	0
22234	0
22235	0
22236	0
22237	0
22238	1
22240	0
22241	0
22242	0
22243	0
22244	0
22246	0
22247	0
22248	0
22249	0
22250	0
22251	0
22252	0
22253	1
22254	0
22255	0
22256	0
22257	0
22258	0
22259	0
22260	0
22261	0
22262	0
22263	0
22264	0
22265	0
22266	0
22267	0
22268	1
22269	1
22270	0
22271	0
22272	0
22273	0
22274	0
22275	1
22276	1
22277	1
22278	0
22279	0
22280	0
22281	1
22282	0
22283	1
22284	0
22285	0
22286	0
22287	0
22288	0
22289	0
22290	1
22291	0
22292	0
22293	0
22295	1
22296	0
22297	1
22298	0
22299	0
22300	0
22301	1
22302	1
22303	1
22304	0
22305	0
22306	0
22307	0
22308	0
22309	0
22310	0
22311	0
22312	0
22313	0
22314	0
22315	0
22316	0
22317	0
22318	0
22319	0
22320	0
22322	0
22323	0
22325	1
22326	0
22327	0
22328	0
22330	1
22331	0
22332	1
22333	0
22334	0
22335	0
22336	0
22337	0
22338	1
22339	0
22340	0
22341	0
22342	0
22343	0
22344	0
22345	1
22346	1
22347	1
22348	0
22349	0
22350	0
22351	0
22352	1
22353	0
22354	0
22355	0
22356	0
22357	1
22358	0
22359	0
22360	1
22361	1
22362	0
22363	0
22364	0
22365	0
22366	0
22367	0
22368	0
22369	0
22370	0
22371	0
22372	0
22373	0
22374	1
22375	0
22376	0
22377	0
22378	0
22379	0
22380	0
22381	0
22383	0
22384	0
22385	1
22386	0
22387	0
22388	0
22389	1
22390	0
22391	0
22392	0
22393	1
22394	0
22395	0
22396	0
22398	1
22399	1
22400	0
22401	0
22402	0
22403	0
22404	0
22405	0
22406	0
22407	0
22408	0
22409	1
22410	1
22411	0
22412	0
22413	0
22414	0
22415	0
22416	0
22417	0
22418	0
22419	0
22420	0
22421	1
22422	0
22423	0
22424	0
22425	0
22426	0
22427	0
22428	0
22429	0
22430	0
22431	0
22432	0
22433	0
22434	0
22435	0
22436	0
22437	0
22438	0
22439	0
22440	0
22441	1
22442	0
22443	0
22444	0
22445	0
22446	1
22447	0
22448	1
22449	0
22450	0
22451	0
22452	0
22453	1
22454	0
22455	1
22456	1
22457	0
22458	0
22459	0
22460	0
22461	0
22462	1
22463	1
22464	0
22465	0
22466	0
22467	0
22468	0
22469	0
22470	0
22471	0
22472	0
22473	1
22474	0
22475	0
22476	0
22477	0
22478	0
22479	0
22480	0
22481	0
22482	0
22483	0
22484	0
22485	1
22486	0
22487	0
22488	0
22489	0
22490	0
22491	0
22492	0
22494	1
22495	0
22496	1
22497	1
22498	1
22499	0
22500	0
22501	0
22502	0
22503	0
22504	0
22505	0
22506	0
22507	0
22508	0
22509	1
22510	0
22511	0
22512	0
22513	0
22514	0
22515	0
22516	0
22517	0
22518	0
22519	0
22520	0
22521	0
22522	3
22523	0
22524	0
22525	1
22526	1
22527	1
22528	0
22529	0
22530	0
22531	0
22532	0
22533	0
22534	0
22535	0
22536	0
22537	0
22538	0
22539	1
22540	1
22541	1
22542	1
22543	1
22544	1
22545	1
22546	1
22547	1
22548	1
22549	0
22550	1
22551	1
22552	1
22553	0
22554	0
22555	0
22556	1
22557	0
22558	1
22559	1
22560	1
22561	1
22562	1
22563	1
22564	1
22565	1
22566	1
22567	1
22568	1
22569	0
22570	1
22571	1
22572	1
22573	1
22574	0
22575	1
22576	1
22577	1
22578	1
22579	1
22580	1
22581	1
22582	1
22583	1
22584	1
22585	1
22586	1
22587	1
22588	0
22589	0
22590	1
22591	1
22592	1
22593	1
22594	1
22595	1
22596	1
22597	1
22598	1
22599	1
22600	0
22601	1
22602	0
22603	1
22604	1
22605	3
22606	3
22607	1
22608	0
22609	0
22610	1
22611	1
22612	1
22613	1
22614	1
22615	1
22616	1
22617	1
22618	1
22619	1
22620	1
22621	1
22622	1
22623	1
22624	1
22625	2
22626	1
22627	1
22628	1
22629	1
22630	0
22631	2
22632	1
22633	1
22634	1
22635	1
22636	2
22637	2
22638	0
22639	1
22640	1
22641	3
22642	2
22643	1
22644	3
22645	0
22646	0
22647	0
22648	0
22649	0
22650	0
22651	0
22652	0
22653	0
22654	0
22655	0
22656	0
22657	0
22658	0
22659	0
22660	0
22661	0
22662	0
22663	0
22664	0
22665	0
22666	0
22667	0
22668	0
22669	0
22670	0
22671	0
22672	0
22673	0
22674	0
22675	1
22676	1
22677	1
22678	1
22679	1
22680	1
22681	1
22682	1
22683	0
22684	0
22685	0
22686	1
22687	0
22688	0
22689	1
22690	0
22691	1
22692	1
22693	1
22694	0
22695	1
22696	0
22697	1
22698	1
22699	0
22700	1
22701	1
22702	1
22703	1
22704	1
22705	1
22706	1
22707	1
22708	1
22709	1
22710	1
22711	1
22712	0
22713	1
22714	0
22715	0
22716	1
22717	1
22718	1
22719	0
22720	0
22721	1
22722	1
22723	1
22724	1
22725	1
22726	0
22727	0
22728	1
22729	0
22730	0
22731	0
22732	0
22733	0
22734	0
22735	1
22736	1
22737	0
22738	0
22739	0
22740	1
22741	0
22742	1
22743	0
22744	0
22745	0
22746	0
22747	0
22748	0
22749	0
22750	0
22751	0
22752	0
22753	0
22754	0
22755	0
22756	0
22757	0
22758	0
22759	1
22760	0
22761	0
22762	0
22763	0
22764	0
22765	0
22766	0
22767	0
22768	1
22769	1
22770	0
22771	0
22772	0
22773	0
22774	0
22775	0
22776	0
22777	0
22778	0
22779	0
22780	0
22781	0
22782	0
22783	0
22784	0
22785	0
22786	0
22787	0
22788	1
22789	1
22790	1
22791	1
22792	1
22793	0
22794	1
22795	1
22796	1
22797	1
22798	0
22799	0
22800	0
22801	0
22802	0
22804	0
22806	0
22807	0
22810	0
22811	0
22812	1
22813	1
22814	1
22815	0
22816	0
22817	0
22818	0
22819	0
22820	0
22821	0
22822	0
22823	0
22824	0
22825	1
22826	1
22827	1
22828	1
22829	0
22830	0
22831	0
22832	1
22833	0
22834	0
22835	0
22836	0
22837	0
22838	0
22839	0
22840	0
22841	3
22842	0
22843	0
22844	1
22845	1
22846	1
22847	1
22848	1
22849	1
22850	0
22851	0
22852	1
22853	1
22854	1
22855	1
22856	3
22857	1
22858	0
22859	0
22860	0
22861	0
22862	0
22863	0
22864	0
22865	1
22866	0
22867	0
22868	0
22869	1
22870	0
22871	3
22872	0
22873	1
22874	1
22875	1
22876	1
22877	1
22878	1
22879	1
22880	1
22881	1
22882	1
22883	1
22884	1
22885	1
22886	0
22887	3
22888	0
22889	0
22890	1
22891	1
22892	1
22893	0
22894	0
22895	0
22896	0
22897	0
22898	3
22899	0
22900	0
22901	0
22902	0
22903	0
22904	0
22905	0
22906	0
22907	0
22908	0
22909	0
22910	1
22911	1
22912	0
22913	0
22914	0
22915	0
22916	0
22917	3
22918	0
22919	0
22920	1
22921	0
22922	0
22923	0
22924	0
22925	0
22926	0
22927	0
22928	1
22929	0
22930	1
22931	1
22932	0
22933	0
22934	0
22935	1
22936	0
22937	1
22938	0
22939	1
22940	0
22941	0
22942	1
22943	0
22944	0
22945	1
22946	0
22947	3
22948	3
22949	3
22950	3
22951	3
22952	3
22953	1
22954	1
22955	1
22956	1
22957	1
22958	0
22959	1
22960	1
22961	1
22962	1
22963	1
22964	1
22965	1
22966	0
22967	0
22968	0
22969	0
22970	0
22971	0
22972	0
22973	1
22974	0
22975	0
22976	0
22977	0
22978	0
22979	0
22980	0
22981	0
22982	0
22983	0
22984	0
22985	0
22986	0
22987	0
22988	1
22989	1
22990	1
22991	0
22992	0
22993	0
22994	0
22995	0
22996	3
22997	3
22998	0
22999	0
23000	0
23001	0
23002	0
23003	0
23004	0
23005	0
23006	0
23007	0
23008	0
23009	0
23010	0
23011	0
23012	0
23013	0
23014	0
23015	0
23016	0
23018	1
23019	0
23020	0
23021	0
23022	1
23023	0
23024	0
23025	0
23026	0
23027	0
23028	1
23029	1
23030	1
23031	0
23032	0
23033	0
23034	0
23035	1
23036	0
23037	0
23038	0
23039	0
23040	0
23041	0
23042	0
23043	0
23044	0
23045	0
23046	0
23047	1
23048	0
23049	1
23050	0
23051	0
23052	0
23053	0
23054	3
23055	0
23056	0
23057	0
23058	0
23059	0
23060	0
23061	1
23062	1
23063	0
23064	0
23065	0
23066	0
23067	0
23068	0
23069	0
23070	0
23071	0
23072	0
23073	0
23074	0
23075	0
23076	1
23077	0
23078	0
23079	0
23080	0
23081	0
23082	0
23083	1
23084	0
23085	0
23086	0
23087	0
23088	0
23089	1
23090	1
23091	0
23092	0
23093	0
23094	0
23095	0
23096	0
23097	0
23098	0
23099	0
23100	0
23101	0
23102	0
23103	0
23104	0
23105	0
23106	0
23107	0
23108	0
23109	1
23110	0
23111	1
23112	0
23113	0
23114	0
23115	1
23116	0
23117	0
23118	0
23119	0
23120	0
23121	0
23122	1
23123	1
23124	1
23125	0
23126	3
23127	0
23128	0
23129	0
23130	0
23131	0
23132	0
23133	0
23134	1
23135	1
23136	1
23137	0
23138	0
23139	1
23140	1
23141	1
23142	0
23143	0
23144	0
23145	0
23146	1
23147	1
23148	0
23149	1
23150	0
23151	0
23152	1
23153	0
23154	0
23155	0
23156	0
23157	0
23158	1
23159	1
23160	0
23161	1
23162	1
23163	1
23164	1
23165	1
23166	0
23167	0
23168	1
23169	0
23170	0
23171	0
23172	1
23173	0
23174	0
23175	1
23176	1
23177	1
23178	1
23179	1
23180	1
23181	1
23182	1
23183	1
23184	1
23185	1
23186	1
23187	0
23188	0
23189	0
23190	0
23191	3
23192	0
23193	0
23194	0
23195	1
23196	1
23197	3
23198	0
23199	0
23200	0
23201	0
23202	0
23203	0
23204	1
23205	0
23206	0
23207	0
23208	0
23209	0
23210	0
23211	0
23212	0
23213	0
23214	0
23215	1
23216	1
23217	0
23218	0
23219	0
23220	0
23222	1
23223	1
23224	0
23225	0
23226	1
23227	0
23228	0
23229	0
23230	1
23231	0
23232	1
23233	0
23234	0
23235	1
23236	1
23237	1
23238	1
23239	1
23240	0
23241	0
23242	0
23243	0
23244	0
23245	0
23246	0
23247	1
23249	1
23250	0
23252	0
23253	0
23254	0
23255	0
23256	0
23257	1
23258	0
23259	0
23260	0
23261	1
23262	0
23263	0
23264	0
23265	0
23266	0
23267	1
23268	0
23269	1
23270	1
23271	1
23272	0
23273	0
23274	0
23275	0
23276	0
23277	0
23278	0
23279	0
23280	0
23281	1
23282	1
23283	1
23284	1
23285	0
23286	0
23287	0
23288	0
23289	0
23290	0
23291	0
23292	0
23293	0
23294	0
23295	0
23296	0
23297	0
23298	0
23299	0
23300	0
23301	0
23304	0
23305	0
23306	0
23307	0
23308	0
23309	0
23310	0
23311	0
23312	0
23313	0
23314	1
23315	0
23316	0
23317	0
23318	1
23319	0
23320	0
23321	0
23322	0
23323	0
23324	0
23325	0
23326	0
23327	0
23328	0
23329	1
23330	1
23331	0
23332	1
23333	1
23334	0
23335	0
23336	0
23337	1
23338	0
23339	1
23340	0
23341	0
23342	0
23343	0
23344	0
23345	0
23346	0
23347	0
23348	0
23349	0
23350	1
23351	0
23353	1
23354	1
23355	1
23356	0
23357	0
23358	0
23359	0
23360	0
23361	0
23362	0
23363	0
23364	0
23365	0
23366	0
23367	0
23368	1
23369	0
23370	1
23371	0
23372	0
23373	0
23374	1
23375	1
23376	0
23377	1
23378	0
23379	0
23380	0
23381	0
23382	0
23383	0
23384	0
23385	0
23386	0
23387	0
23388	0
23389	1
23390	1
23391	1
23392	0
23393	0
23394	1
23395	0
23396	0
23397	1
23398	0
23399	1
23400	1
23401	1
23402	1
23403	1
23404	0
23405	0
23406	0
23407	0
23408	0
23409	0
23410	0
23411	0
23412	0
23413	0
23414	1
23415	0
23416	0
23417	0
23418	3
23419	3
23420	3
23421	1
23422	0
23423	0
23424	0
23425	0
23426	3
23427	0
23428	0
23429	0
23430	0
23433	0
23434	1
23435	0
23436	1
23437	0
23438	0
23439	0
23440	0
23441	0
23442	0
23443	0
23444	0
23445	0
23446	1
23447	0
23448	0
23449	0
23450	0
23451	1
23452	1
23453	0
23454	0
23455	0
23456	0
23457	0
23458	0
23459	0
23460	0
23461	0
23462	0
23463	0
23464	0
23465	0
23466	0
23467	3
23468	1
23469	1
23470	0
23471	0
23472	0
23473	0
23474	0
23475	0
23476	0
23477	0
23478	0
23479	0
23480	0
23481	0
23482	0
23483	0
23484	0
23485	0
23486	0
23487	0
23488	0
23489	0
23491	0
23496	0
23497	0
23498	0
23499	1
23500	0
23501	0
23502	0
23503	1
23504	0
23505	0
23506	0
23507	0
23508	3
23509	0
23510	0
23511	0
23512	0
23513	0
23514	0
23515	0
23516	1
23517	0
23518	0
23519	1
23520	0
23521	0
23522	0
23523	1
23524	1
23525	0
23526	0
23527	0
23528	0
23529	0
23530	0
23531	0
23532	0
23533	0
23534	0
23535	0
23536	0
23537	0
23538	0
23539	0
23540	0
23542	1
23543	0
23544	0
23545	0
23546	0
23547	0
23548	0
23549	0
23550	0
23551	0
23552	0
23553	0
23554	0
23555	0
23556	0
23557	0
23558	0
23559	0
23560	0
23561	1
23562	1
23563	1
23564	0
23565	0
23566	0
23567	0
23568	0
23569	0
23570	0
23571	0
23572	0
23573	0
23574	3
23575	1
23576	3
23577	3
23578	3
23579	0
23580	1
23581	1
23582	1
23583	0
23584	1
23585	0
23586	0
23587	1
23588	0
23589	0
23590	0
23591	0
23592	0
23593	0
23594	0
23595	0
23596	1
23597	1
23598	0
23599	0
23600	0
23601	0
23602	0
23603	0
23604	0
23605	0
23606	0
23607	0
23608	0
23609	0
23610	0
23611	0
23612	1
23613	0
23614	0
23615	0
23616	0
23617	0
23618	0
23619	1
23620	0
23621	0
23622	0
23623	1
23624	1
23625	1
23626	1
23627	0
23628	0
23629	0
23630	0
23631	0
23632	0
23633	0
23634	0
23635	0
23636	0
23637	0
23638	0
23639	0
23640	0
23641	0
23642	0
23643	0
23644	0
23645	0
23646	0
23647	0
23648	0
23649	0
23650	0
23651	0
23652	0
23653	0
23654	0
23655	0
23656	0
23657	0
23658	0
23659	0
23660	0
23661	0
23662	0
23663	0
23664	0
23665	0
23666	0
23667	0
23668	0
23669	0
23670	0
23671	0
23672	0
23673	0
23674	0
23675	0
23676	0
23677	0
23678	0
23679	0
23680	0
23681	0
23682	1
23683	0
23684	0
23685	0
23686	0
23687	1
23688	0
23689	0
23690	0
23691	0
23692	0
23693	0
23694	0
23695	0
23696	0
23697	0
23698	0
23699	0
23700	0
23701	0
23702	0
23703	0
23704	0
23705	0
23706	0
23707	0
23708	0
23709	0
23710	0
23711	0
23712	0
23713	0
23714	0
23715	0
23716	0
23717	0
23718	0
23719	0
23720	0
23721	1
23722	0
23723	0
23724	0
23725	1
23726	1
23727	0
23728	1
23729	1
23730	0
23731	0
23732	0
23733	0
23734	0
23735	0
23736	1
23737	0
23738	0
23739	1
23740	0
23741	0
23743	0
23744	0
23745	0
23746	0
23747	0
23748	0
23749	0
23750	0
23751	0
23752	0
23753	0
23754	0
23755	0
23756	0
23757	0
23758	0
23759	3
23760	0
23761	0
23762	0
23763	0
23764	0
23765	1
23766	0
23767	0
23768	0
23769	0
23770	0
23771	0
23772	0
23773	0
23774	1
23775	1
23776	1
23777	0
23778	1
23779	1
23780	1
23781	0
23782	0
23783	0
23784	0
23785	0
23786	0
23787	0
23788	0
23789	0
23790	0
23791	0
23792	0
23793	0
23794	0
23795	0
23796	0
23797	0
23800	0
23801	0
23802	0
23803	0
23804	0
23805	0
23806	0
23807	0
23808	0
23809	0
23810	0
23811	0
23812	3
23813	0
23814	0
23815	0
23816	1
23817	0
23818	0
23819	0
23820	0
23821	0
23822	0
23823	0
23824	0
23825	0
23826	0
23830	0
23831	0
23832	0
23833	0
23834	1
23835	0
23836	0
23837	0
23838	0
23839	0
23840	1
23841	0
23842	1
23843	0
23844	1
23845	0
23850	0
23851	1
23852	0
23853	0
23854	0
23855	0
23856	1
23857	1
23858	0
23859	1
23860	0
23861	0
23862	0
23863	3
23864	0
23865	0
23866	0
23867	0
23868	0
23869	0
23870	1
23871	0
23872	1
23873	0
23874	0
23875	0
23876	0
23877	3
23878	3
23879	3
23880	3
23881	0
23882	0
23883	0
23884	0
23885	0
23886	0
23887	0
23888	0
23889	0
23891	0
23892	0
23893	0
23894	0
23895	0
23896	0
23897	0
23898	0
23899	3
23900	0
23901	0
23902	0
23903	0
23904	0
23905	0
23906	0
23907	0
23908	0
23909	0
23910	0
23911	0
23912	3
23913	3
23914	3
23915	0
23916	0
23917	0
23919	0
23920	0
23921	0
23922	0
23923	0
23924	0
23925	1
23928	0
23929	0
23930	0
23931	0
23932	0
23933	1
23934	0
23935	0
23936	0
23937	0
23938	0
23939	0
23940	0
23941	0
23942	0
23943	0
23944	3
23945	0
23946	0
23947	0
23948	0
23949	0
23950	0
23951	0
23952	0
23953	1
23954	1
23956	1
23957	0
23958	0
23959	0
23960	1
23961	1
23962	0
23963	0
23964	0
23965	0
23966	0
23967	0
23968	0
23969	0
23970	0
23971	0
23972	0
23973	0
23974	0
23975	0
23976	0
23977	0
23978	0
23979	0
23980	1
23981	0
23982	0
23983	0
23984	0
23985	0
23986	0
23987	0
23988	0
23989	0
23990	0
23991	0
23992	0
23993	1
23994	0
23995	0
23996	0
23997	0
23998	0
23999	0
24000	0
24001	0
24003	0
24004	0
24005	0
24006	0
24007	0
24008	0
24009	0
24010	0
24012	0
24013	0
24014	0
24015	0
24016	0
24017	0
24018	0
24019	1
24020	0
24021	0
24022	0
24023	0
24024	0
24025	0
24026	0
24027	1
24028	0
24029	0
24030	0
24031	1
24032	1
24033	0
24034	0
24035	0
24037	1
24038	0
24039	0
24040	0
24041	1
24042	0
24043	1
24044	0
24045	0
24046	0
24047	0
24048	0
24049	0
24050	1
24051	0
24052	0
24053	0
24054	0
24055	0
24056	0
24057	0
24058	0
24059	1
24060	0
24061	1
24062	0
24063	0
24064	0
24065	1
24066	0
24067	0
24068	1
24069	1
24071	1
24072	1
24073	0
24074	0
24075	1
24076	0
24077	0
24078	1
24079	1
24080	1
24081	0
24082	1
24083	1
24084	0
24085	1
24086	0
24087	0
24088	0
24089	0
24090	0
24091	0
24092	0
24093	0
24094	0
24095	0
24096	0
24097	0
24098	0
24099	0
24100	0
24101	0
24102	0
24103	0
24104	1
24105	1
24106	0
24107	0
24108	0
24109	0
24110	0
24111	0
24112	0
24113	0
24114	0
24115	0
24116	0
24117	0
24118	0
24119	0
24120	0
24121	0
24122	0
24123	0
24124	0
24125	0
24126	0
24127	0
24128	0
24129	0
24130	0
24131	0
24132	0
24133	0
24134	0
24135	0
24136	0
24137	1
24138	1
24139	0
24141	0
24142	0
24143	1
24144	3
24145	0
24146	0
24147	0
24148	0
24149	0
24150	0
24151	0
24152	0
24153	0
24154	0
24155	1
24156	0
24157	0
24158	0
24159	0
24160	0
24161	0
24162	0
24164	0
24165	0
24166	0
24167	0
24168	0
24169	0
24170	0
24171	0
24172	0
24173	0
24174	0
24175	1
24176	0
24177	0
24178	0
24179	1
24180	1
24181	0
24182	0
24183	0
24184	0
24185	0
24186	0
24187	0
24188	0
24189	0
24190	1
24191	1
24192	1
24193	0
24194	0
24195	0
24196	0
24197	0
24198	0
24199	0
24200	1
24201	1
24202	0
24203	0
24204	0
24205	0
24206	0
24207	0
24208	0
24209	0
24210	0
24211	0
24212	0
24213	0
24214	0
24215	0
24216	0
24217	1
24218	0
24219	0
24220	0
24221	0
24222	0
24223	0
24224	0
24225	1
24226	0
24227	0
24228	0
24229	0
24230	0
24231	0
24232	3
24233	1
24234	0
24235	0
24236	0
24237	0
24238	1
24239	3
24240	1
24241	1
24242	1
24243	1
24244	1
24245	1
24246	1
24247	1
24248	3
24249	0
24250	0
24251	0
24252	0
24253	0
24254	0
24255	0
24256	0
24257	0
24258	0
24259	0
24260	0
24261	0
24262	0
24263	0
24264	0
24265	0
24266	1
24267	1
24268	1
24269	0
24270	0
24271	0
24272	0
24273	0
24274	0
24275	1
24276	1
24277	0
24278	0
24279	0
24280	0
24281	0
24282	0
24283	0
24284	0
24285	0
24286	0
24287	0
24288	0
24289	0
24290	0
24291	0
24292	0
24293	0
24294	0
24295	0
24296	0
24297	0
24298	0
24299	0
24300	0
24301	0
24302	0
24303	0
24304	0
24305	0
24306	0
24307	0
24308	0
24309	0
24310	0
24311	0
24312	0
24313	0
24314	0
24315	0
24316	0
24317	1
24319	0
24320	0
24321	3
24322	0
24323	0
24324	0
24325	0
24326	3
24327	0
24328	0
24329	1
24330	0
24331	0
24332	0
24333	0
24334	0
24335	0
24336	0
24337	0
24338	0
24339	0
24340	0
24341	0
24342	0
24343	0
24344	0
24345	1
24346	0
24347	0
24348	0
24349	0
24350	0
24351	0
24352	0
24353	0
24354	0
24355	0
24356	0
24357	0
24358	0
24359	0
24360	0
24361	0
24362	0
24363	0
24364	0
24365	0
24366	1
24367	1
24368	0
24369	1
24370	1
24371	1
24372	0
24373	0
24374	1
24375	0
24376	0
24377	0
24378	0
24379	0
24380	0
24381	1
24382	0
24383	0
24384	0
24385	1
24386	0
24387	0
24388	0
24389	0
24390	0
24391	0
24392	0
24393	0
24394	0
24395	0
24396	0
24397	0
24398	0
24399	0
24400	0
24401	0
24403	0
24404	0
24405	0
24406	0
24407	0
24408	0
24409	0
24410	1
24411	1
24412	0
24413	1
24414	1
24415	1
24416	0
24417	0
24418	0
24419	1
24420	1
24421	1
24422	1
24423	1
24424	1
24425	1
24426	1
24427	1
24428	1
24429	1
24430	1
24431	1
24432	1
24433	1
24434	1
24435	1
24436	0
24437	0
24438	0
24439	0
24440	0
24441	0
24442	0
24443	0
24444	0
24445	0
24446	3
24447	1
24448	0
24449	0
24450	0
24451	0
24452	0
24453	0
24454	0
24455	0
24456	0
24457	0
24458	1
24459	0
24460	0
24461	0
24462	0
24463	0
24464	0
24465	0
24466	0
24467	0
24468	0
24469	1
24470	0
24471	0
24472	0
24473	0
24474	0
24475	0
24476	0
24477	0
24478	0
24479	0
24480	0
24481	0
24482	0
24483	0
24484	0
24485	0
24486	0
24487	0
24488	0
24489	0
24490	0
24491	0
24492	0
24493	0
24494	0
24495	0
24496	0
24497	0
24498	0
24499	0
24500	0
24501	0
24503	0
24504	0
24505	3
24506	0
24507	0
24508	0
24509	0
24510	0
24512	0
24513	0
24514	0
24515	0
24516	0
24517	0
24518	0
24519	0
24520	1
24521	0
24522	0
24524	0
24525	0
24526	0
24527	0
24528	0
24529	0
24530	1
24531	0
24532	0
24533	0
24534	0
24535	0
24536	0
24537	0
24538	0
24539	0
24540	0
24541	0
24542	0
24543	0
24544	0
24545	0
24546	0
24547	1
24548	0
24549	1
24550	0
24551	0
24552	1
24553	1
24554	1
24555	1
24556	1
24557	1
24558	1
24559	1
24560	1
24561	1
24562	0
24563	0
24564	0
24565	0
24566	0
24567	0
24568	0
24569	0
24570	0
24571	0
24572	0
24573	0
24574	0
24575	0
24576	0
24577	0
24578	0
24579	0
24580	0
24581	0
24582	0
24583	0
24584	0
24585	0
24586	0
24587	0
24588	0
24589	0
24590	0
24591	0
24592	0
24593	0
24594	0
24595	0
24596	0
24597	0
24598	0
24599	0
24600	0
24601	0
24602	0
24603	0
24604	0
24605	0
24606	0
24607	0
24608	0
24609	0
24610	0
24611	0
24612	0
24613	0
24614	0
24615	0
24616	0
24617	0
24618	0
24619	0
24620	0
24621	0
24622	0
24623	0
24624	0
24625	0
24626	0
24627	0
24628	0
24629	0
24630	0
24631	0
24632	0
24633	0
24634	1
24635	0
24636	0
24637	0
24638	0
24639	0
24640	0
24641	0
24642	0
24643	0
24644	0
24645	0
24646	0
24647	0
24648	0
24649	0
24650	1
24651	0
24652	0
24653	0
24654	0
24655	0
24656	0
24657	0
24658	0
24661	0
24662	0
24663	0
24664	1
24665	0
24666	0
24667	0
24668	0
24669	0
24670	0
24671	0
24672	0
24673	0
24674	1
24675	0
24676	0
24677	0
24678	0
24681	0
24682	0
24683	1
24684	1
24685	1
24686	1
24687	1
24688	1
24689	1
24690	1
24692	1
24693	1
24694	0
24695	1
24696	1
24697	1
24698	1
24699	1
24700	0
24701	0
24702	0
24703	0
24704	0
24705	0
24706	0
24707	0
24708	0
24709	0
24710	0
24711	0
24712	1
24713	0
24714	0
24715	0
24716	0
24717	0
24718	0
24719	0
24720	0
24721	1
24722	0
24723	1
24724	0
24725	0
24726	0
24727	1
24728	0
24729	0
24730	0
24731	0
24732	0
24733	0
24734	0
24735	0
24736	0
24737	0
24738	0
24739	0
24740	0
24741	0
24742	1
24743	0
24744	1
24745	0
24746	0
24747	0
24748	0
24749	0
24750	0
24751	0
24752	0
24753	0
24754	0
24755	0
24756	0
24757	5
24758	0
24759	0
24760	0
24761	0
24762	1
24763	0
24764	0
24765	0
24766	0
24767	0
24768	0
24769	0
24770	1
24771	0
24775	0
24776	0
24777	1
24778	0
24779	0
24780	0
24781	0
24782	0
24783	0
24784	0
24785	0
24786	0
24787	0
24788	0
24789	0
24790	0
24791	0
24792	3
24793	0
24794	0
24795	1
24796	0
24797	0
24798	0
24799	0
24800	0
24801	0
24802	0
24803	0
24804	0
24805	0
24806	0
24807	0
24808	1
24809	0
24810	0
24811	0
24812	1
24813	0
24814	0
24815	0
24816	0
24817	0
24818	0
24819	0
24820	0
24821	0
24822	0
24823	0
24824	0
24825	0
24826	0
24827	0
24828	0
24829	0
24830	1
24831	0
24832	0
24833	0
24834	0
24835	0
24836	0
24837	0
24838	0
24839	0
24840	0
24841	0
24842	0
24843	0
24844	1
24845	0
24846	0
24847	0
24848	1
24849	1
24850	3
24851	0
24852	0
24853	0
24854	1
24855	1
24857	1
24858	0
24859	0
24860	1
24861	0
24862	0
24863	0
24864	1
24865	0
24866	0
24867	0
24868	0
24869	0
24870	0
24871	0
24872	0
24874	0
24875	0
24876	0
24877	0
24878	0
24879	0
24880	0
24881	0
24882	3
24883	0
24884	0
24885	0
24886	1
24887	0
24888	0
24889	0
24890	0
24891	3
24892	3
24893	0
24894	0
24895	3
24896	0
24897	0
24898	0
24899	0
24900	1
24901	0
24902	0
24903	0
24904	0
24905	0
24906	0
24907	0
24908	0
24910	0
24911	0
24912	0
24913	0
24914	1
24915	0
24916	0
24917	0
24918	1
24919	0
24920	0
24921	0
24922	0
24923	0
24924	0
24925	0
24926	0
24927	0
24928	0
24929	0
24930	0
24931	0
24932	1
24933	0
24934	0
24935	0
24936	0
24937	0
24938	0
24939	0
24940	0
24941	0
24942	0
24943	0
24944	0
24945	0
24946	0
24947	0
24948	0
24949	0
24950	0
24951	0
24952	0
24953	0
24954	0
24955	0
24956	1
24957	0
24958	0
24959	0
24960	0
24961	0
24962	0
24963	0
24964	0
24965	0
24966	0
24967	0
24968	0
24969	0
24970	0
24971	0
24972	0
24973	0
24974	0
24975	0
24976	0
24977	0
24978	0
24979	0
24980	0
24981	0
24982	0
24983	0
24984	1
24985	1
24986	1
24987	1
24988	1
24989	0
24990	1
24991	0
24992	0
24993	0
24994	1
24995	0
24996	0
24997	0
24998	0
24999	0
25000	0
25001	0
25002	0
25003	0
25004	0
25005	0
25006	0
25007	0
25008	0
25009	0
25010	0
25011	0
25012	0
25013	0
25014	0
25015	0
25016	0
25017	0
25018	0
25019	0
25020	0
25021	0
25022	0
25023	0
25024	0
25025	0
25026	0
25027	0
25028	0
25029	1
25030	0
25031	1
25032	0
25033	1
25034	0
25035	0
25036	0
25037	0
25038	3
25039	1
25040	1
25041	3
25042	0
25043	0
25044	0
25045	0
25046	0
25047	0
25049	0
25050	0
25051	0
25052	0
25053	0
25054	0
25055	0
25056	0
25057	0
25058	0
25059	1
25060	0
25061	0
25062	0
25063	0
25064	0
25065	0
25066	0
25067	0
25068	0
25069	0
25070	0
25071	0
25072	0
25073	0
25074	0
25075	0
25076	0
25077	0
25078	0
25079	0
25080	0
25081	0
25082	0
25083	0
25084	0
25085	0
25086	0
25087	0
25088	0
25089	0
25090	0
25091	0
25092	0
25093	0
25094	0
25095	0
25096	0
25097	0
25098	0
25099	0
25100	0
25101	0
25102	0
25103	0
25104	0
25105	0
25106	0
25107	0
25108	0
25109	0
25110	0
25111	0
25112	0
25113	5
25114	0
25115	0
25116	0
25117	0
25118	0
25119	0
25120	0
25121	0
25122	0
25123	0
25124	0
25125	0
25126	0
25127	0
25128	0
25129	0
25130	0
25131	0
25132	0
25133	0
25134	0
25135	0
25136	0
25137	0
25138	0
25139	0
25140	0
25141	0
25142	0
25143	0
25144	0
25145	1
25146	0
25147	0
25148	1
25149	1
25150	1
25151	1
25152	1
25153	0
25154	0
25155	0
25156	0
25157	0
25158	3
25160	3
25161	0
25162	1
25163	0
25164	0
25165	3
25166	3
25167	1
25168	0
25169	1
25170	1
25171	0
25172	1
25173	0
25174	1
25175	1
25176	0
25177	0
25178	0
25179	0
25180	0
25181	0
25182	0
25183	0
25184	0
25185	0
25186	0
25187	0
25188	0
25189	0
25190	0
25191	0
25192	0
25193	0
25194	0
25195	0
25196	0
25197	0
25198	0
25199	0
25200	0
25201	0
25202	0
25203	0
25204	0
25205	0
25206	0
25207	0
25208	0
25209	0
25210	0
25211	0
25212	0
25213	0
25214	1
25215	0
25216	0
25217	0
25218	0
25219	0
25220	0
25221	0
25222	1
25223	0
25224	0
25225	0
25226	0
25227	0
25228	0
25229	0
25230	0
25231	0
25232	0
25233	0
25234	0
25235	0
25236	1
25237	3
25238	0
25239	0
25240	0
25241	0
25242	0
25243	1
25244	0
25245	0
25246	3
25247	0
25248	0
25249	0
25250	1
25251	0
25252	0
25253	0
25254	0
25255	0
25256	1
25257	1
25258	0
25259	0
25260	0
25261	0
25262	0
25263	0
25264	1
25265	0
25266	0
25267	0
25268	1
25269	0
25270	0
25271	0
25272	0
25273	0
25274	0
25275	0
25276	0
25277	0
25278	0
25279	0
25280	0
25281	1
25282	1
25283	0
25284	0
25285	1
25286	0
25287	0
25288	0
25289	0
25290	0
25291	0
25292	0
25293	0
25294	0
25295	0
25296	0
25297	0
25298	0
25299	0
25300	1
25301	1
25302	0
25303	0
25305	0
25306	0
25307	1
25308	0
25309	0
25310	0
25311	0
25312	0
25313	0
25314	0
25315	3
25316	0
25317	0
25318	0
25319	3
25320	0
25321	0
25322	0
25323	2
25324	0
25325	0
25326	0
25327	0
25328	0
25329	1
25330	1
25331	0
25332	0
25333	0
25334	0
25335	0
25336	0
25337	0
25338	0
25339	0
25340	0
25341	0
25342	0
25343	0
25344	0
25345	0
25346	0
25347	0
25348	0
25349	3
25350	0
25351	0
25352	1
25353	0
25354	0
25355	0
25356	0
25357	0
25358	0
25359	1
25360	0
25361	0
25362	0
25363	1
25364	0
25365	0
25366	0
25367	1
25368	1
25369	1
25370	1
25371	1
25372	1
25373	1
25374	0
25375	0
25376	1
25377	5
25378	0
25379	0
25380	1
25381	1
25382	0
25383	0
25384	1
25385	1
25386	0
25387	0
25388	0
25389	0
25390	0
25391	0
25392	0
25393	0
25394	0
25395	0
25396	0
25397	0
25398	0
25399	0
25400	0
25401	0
25402	0
25403	0
25404	0
25405	0
25406	2
25410	2
25411	2
25412	2
25413	2
25414	0
25415	0
25416	0
25417	0
25418	0
25419	0
25420	0
25421	0
25422	0
25423	0
25424	0
25425	0
25426	0
25427	0
25428	0
25429	0
25430	0
25431	0
25432	0
25433	0
25434	0
25435	0
25436	0
25437	1
25438	1
25439	0
25440	0
25441	0
25442	0
25443	0
25444	0
25445	0
25446	1
25447	0
25448	0
25449	0
25450	0
25451	0
25452	0
25453	1
25454	0
25455	0
25456	0
25457	0
25458	0
25459	0
25460	0
25461	0
25462	3
25463	0
25464	0
25465	3
25466	0
25467	0
25468	0
25469	0
25470	0
25471	0
25472	0
25473	0
25474	0
25475	0
25476	0
25477	0
25478	0
25479	0
25480	0
25481	0
25482	0
25483	1
25484	1
25485	1
25486	1
25487	0
25488	0
25489	0
25490	0
25491	1
25492	0
25493	0
25494	0
25495	0
25496	0
25497	0
25498	0
25499	0
25500	0
25501	0
25502	1
25503	1
25504	1
25505	0
25506	1
25507	1
25508	1
25509	1
25510	0
25511	0
25512	0
25513	0
25514	0
25515	0
25516	0
25518	0
25519	0
25520	0
25521	0
25522	0
25523	0
25524	0
25525	0
25526	0
25527	0
25528	0
25529	0
25530	0
25531	0
25532	0
25533	0
25534	0
25535	0
25536	0
25537	0
25538	0
25539	0
25540	0
25541	1
25542	1
25543	0
25544	1
25545	0
25546	1
25547	1
25548	0
25549	1
25550	1
25551	1
25552	0
25553	0
25554	0
25555	1
25556	1
25557	0
25558	0
25559	1
25560	1
25561	1
25562	1
25563	1
25564	1
25565	1
25566	0
25567	1
25568	1
25569	1
25570	1
25571	1
25572	1
25573	1
25574	1
25575	1
25576	1
25577	1
25578	1
25579	1
25580	0
25581	0
25582	0
25583	0
25584	0
25585	0
25586	0
25587	0
25588	1
25589	0
25590	0
25591	1
25592	1
25593	1
25594	0
25595	1
25596	0
25597	1
25598	1
25599	1
25600	0
25601	1
25602	0
25603	0
25604	0
25605	0
25606	0
25607	0
25608	0
25609	0
25610	0
25611	0
25612	0
25613	0
25614	0
25615	0
25616	0
25617	0
25618	1
25619	0
25622	0
25623	0
25624	0
25625	0
25629	0
25632	0
25633	0
25634	0
25636	0
25638	0
25639	0
25640	0
25644	0
25650	0
25651	0
25652	0
25653	1
25654	0
25655	1
25656	0
25658	0
25659	0
25660	0
25661	0
25662	0
25663	0
25664	0
25665	0
25666	0
25667	0
25668	0
25669	0
25670	0
25671	0
25672	0
25673	0
25674	0
25675	0
25676	0
25677	0
25678	0
25679	0
25680	0
25681	0
25682	0
25683	0
25684	0
25685	0
25686	0
25687	0
25688	0
25689	0
25690	0
25691	0
25692	0
25693	0
25694	0
25695	0
25697	0
25698	0
25699	0
25700	0
25701	0
25702	0
25703	1
25704	0
25705	0
25706	0
25707	0
25708	1
25709	0
25710	0
25711	0
25712	0
25713	0
25714	0
25715	0
25716	0
25717	0
25718	0
25719	0
25720	0
25721	0
25722	0
25723	1
25724	0
25725	0
25726	0
25727	0
25728	0
25729	1
25730	1
25731	0
25732	0
25733	0
25734	0
25735	0
25736	0
25737	0
25738	3
25739	0
25740	1
25741	3
25742	0
25743	0
25744	0
25745	0
25746	0
25747	0
25748	0
25749	1
25750	0
25751	1
25752	0
25753	0
25754	0
25755	1
25756	0
25757	0
25758	0
25759	1
25760	0
25761	0
25762	0
25763	0
25764	0
25765	0
25766	0
25767	0
25768	0
25769	0
25770	0
25771	0
25772	1
25773	0
25774	0
25775	0
25776	0
25777	0
25778	0
25780	0
25781	0
25782	0
25783	0
25784	0
25785	0
25786	0
25787	0
25788	0
25789	1
25790	0
25791	0
25792	0
25793	0
25794	0
25795	0
25796	0
25797	0
25798	1
25799	1
25800	0
25801	1
25802	1
25803	0
25804	1
25805	0
25806	0
25807	1
25808	1
25809	1
25810	1
25811	1
25812	1
25813	0
25814	0
25815	0
25816	1
25817	0
25818	0
25819	1
25820	0
25821	0
25822	0
25823	0
25824	1
25825	0
25826	1
25827	0
25828	0
25829	0
25830	0
25831	0
25832	0
25833	0
25834	0
25835	0
25836	0
25837	1
25838	1
25839	0
25840	3
25841	0
25842	0
25843	0
25844	0
25845	0
25846	0
25847	0
25848	0
25849	0
25850	0
25851	1
25852	0
25853	0
25854	0
25855	0
25856	0
25857	0
25858	0
25859	0
25860	1
25861	0
25862	1
25863	0
25864	1
25865	1
25866	0
25867	1
25868	0
25869	0
25870	0
25871	0
25872	0
25873	0
25874	0
25875	0
25876	0
25877	0
25878	0
25879	0
25880	0
25881	0
25882	0
25883	0
25884	0
25885	0
25886	0
25887	0
25888	0
25889	0
25890	0
25891	0
25892	0
25893	0
25894	0
25895	0
25896	0
25897	0
25898	0
25899	0
25900	0
25901	0
25902	0
25903	0
25904	0
25905	0
25906	0
25907	0
25908	0
25909	0
25910	0
25911	0
25912	0
25913	0
25914	0
25915	0
25916	0
25917	0
25918	0
25919	0
25920	0
25921	0
25922	0
25923	0
25924	0
25925	0
25926	0
25927	0
25928	0
25929	0
25930	0
25931	0
25932	0
25933	0
25934	0
25935	0
25936	0
25937	0
25938	0
25939	0
25940	0
25941	0
25942	0
25943	0
25944	0
25945	0
25946	0
25947	0
25948	1
25949	0
25950	0
25951	0
25952	0
25953	0
25954	1
25955	1
25956	1
25957	1
25958	1
25959	1
25960	3
25961	0
25962	0
25963	0
25964	0
25965	0
25966	0
25967	1
25968	0
25969	0
25970	0
25971	0
25972	0
25973	0
25974	0
25975	0
25976	1
25977	1
25978	0
25979	0
25980	0
25981	0
25982	0
25983	0
25984	0
25985	0
25986	0
25987	0
25988	0
25989	0
25990	0
25991	0
25992	1
25993	0
25994	0
25995	0
26007	0
26012	0
26016	0
26017	0
26019	0
26020	0
26021	0
26024	0
26027	0
26028	0
26029	0
26030	0
26031	0
26032	0
26033	0
26037	0
26038	0
26040	0
26041	0
26042	0
26043	0
26044	0
26045	0
26046	1
26047	0
26048	0
26050	0
26056	0
26057	0
26071	0
26073	0
26075	0
26076	0
26078	0
26080	0
26081	0
26082	0
26083	1
26084	0
26085	0
26086	0
26088	0
26089	1
26090	1
26091	1
26092	1
26093	0
26094	0
26096	0
26097	0
26098	0
26099	0
26101	0
26102	0
26103	0
26104	0
26105	0
26109	0
26110	0
26111	0
26112	0
26113	0
26114	0
26115	0
26116	0
26117	1
26119	0
26120	0
26121	0
26123	0
26124	0
26125	0
26126	0
26127	0
26128	0
26129	0
26130	0
26131	0
26155	0
26156	1
26157	1
26158	0
26159	0
26160	0
26161	0
26162	0
26164	0
26165	0
26166	0
26167	0
26169	0
26170	1
26171	0
26172	0
26173	1
26174	0
26175	0
26176	0
26177	0
26178	0
26179	0
26180	1
26181	0
26182	1
26183	1
26184	0
26185	0
26186	1
26187	1
26188	0
26189	0
26190	0
26191	0
26192	0
26193	0
26194	0
26195	0
26196	0
26197	0
26198	0
26199	0
26200	0
26201	0
26202	0
26203	1
26204	0
26205	5
26206	1
26207	0
26212	1
26213	0
26214	0
26215	0
26216	0
26217	0
26218	0
26219	0
26220	0
26221	0
26222	0
26223	0
26224	0
26225	0
26226	0
26227	0
26228	0
26229	0
26230	0
26231	1
26232	0
26233	0
26234	0
26235	0
26236	0
26237	1
26238	0
26239	0
26240	0
26241	0
26242	0
26243	0
26244	0
26245	0
26246	3
26247	3
26248	0
26249	0
26250	0
26251	0
26252	0
26253	1
26254	0
26255	0
26256	0
26257	0
26258	0
26259	0
26260	1
26261	1
26262	0
26263	0
26264	0
26265	0
26266	0
26267	0
26268	0
26269	0
26270	0
26271	0
26272	0
26273	0
26274	0
26275	0
26276	1
26277	1
26278	0
26279	0
26280	0
26281	0
26282	0
26283	0
26284	0
26285	0
26286	1
26287	1
26288	0
26289	1
26290	1
26291	1
26292	0
26293	1
26294	0
26295	0
26296	0
26297	0
26298	0
26299	0
26300	0
26301	0
26302	0
26303	0
26304	0
26305	0
26306	0
26307	0
26308	0
26309	0
26310	3
26311	0
26312	0
26313	0
26316	0
26317	0
26318	0
26319	0
26320	0
26321	1
26322	0
26323	0
26324	0
26325	0
26326	0
26327	0
26328	0
26329	0
26330	0
26331	0
26332	0
26333	1
26334	0
26335	0
26336	0
26337	0
26338	1
26339	1
26340	0
26341	0
26342	1
26343	0
26344	0
26346	0
26347	0
26348	0
26349	0
26350	0
26351	0
26352	0
26353	0
26354	0
26355	0
26356	0
26357	0
26358	0
26359	0
26360	1
26361	0
26362	0
26363	0
26364	0
26365	0
26366	0
26367	0
26368	0
26369	0
26370	0
26371	0
26372	0
26373	0
26374	0
26375	0
26376	3
26377	0
26378	0
26379	1
26380	1
26381	1
26382	0
26383	0
26384	0
26387	0
26388	0
26389	0
26390	0
26391	0
26392	0
26393	0
26394	0
26395	1
26396	0
26397	0
26398	1
26400	0
26401	0
26402	0
26403	0
26404	0
26405	0
26406	1
26407	0
26408	0
26409	0
26410	0
26411	0
26412	0
26413	0
26414	0
26415	0
26416	0
26417	1
26418	0
26420	1
26421	0
26422	0
26423	0
26424	0
26425	0
26426	0
26427	0
26428	0
26429	0
26430	0
26432	0
26433	0
26434	0
26435	0
26436	0
26437	0
26438	0
26439	0
26440	0
26441	0
26442	0
26443	1
26444	0
26445	0
26446	0
26447	0
26448	1
26449	0
26450	0
26451	0
26452	1
26454	0
26455	0
26456	0
26457	0
26458	1
26459	1
26460	0
26461	0
26462	0
26464	0
26465	0
26466	0
26467	0
26468	0
26469	0
26470	0
26471	1
26472	0
26473	1
26474	0
26475	1
26476	0
26477	0
26480	0
26481	0
26482	0
26483	0
26484	0
26485	0
26486	1
26487	1
26488	0
26489	0
26490	0
26491	0
26492	0
26493	0
26494	0
26495	0
26496	0
26497	1
26498	0
26499	1
26500	0
26501	0
26502	0
26503	0
26504	0
26505	1
26506	0
26507	0
26508	0
26509	0
26510	0
26511	0
26512	0
26513	0
26514	0
26515	0
26516	0
26517	0
26518	0
26519	0
26520	0
26521	0
26522	0
26523	0
26524	0
26525	0
26526	0
26527	0
26528	1
26529	1
26530	1
26531	0
26532	1
26533	1
26534	0
26535	0
26536	0
26537	0
26538	0
26539	0
26540	0
26541	0
26542	0
26543	0
26544	0
26546	0
26547	0
26548	0
26549	0
26550	1
26551	0
26552	0
26553	1
26554	1
26555	1
26556	0
26557	0
26558	0
26559	0
26560	1
26561	0
26564	0
26565	0
26566	0
26567	0
26568	0
26569	0
26570	0
26571	0
26572	0
26573	0
26574	0
26575	0
26576	1
26577	0
26578	1
26579	1
26580	0
26581	1
26582	0
26583	0
26584	0
26585	0
26586	0
26587	0
26588	0
26589	0
26590	0
26591	0
26592	0
26593	1
26594	0
26595	0
26596	0
26597	0
26598	0
26599	0
26600	0
26601	0
26602	0
26603	1
26604	0
26605	0
26606	0
26607	0
26608	1
26612	0
26613	0
26614	0
26615	0
26616	0
26617	0
26618	0
26619	0
26620	1
26621	1
26622	0
26623	1
26624	1
26625	1
26626	1
26627	1
26628	1
26630	1
26631	1
26632	1
26633	1
26634	0
26635	1
26636	1
26637	1
26638	1
26639	1
26641	1
26643	0
26644	0
26645	0
26646	0
26647	0
26648	3
26649	0
26650	1
26651	1
26652	1
26653	1
26654	1
26655	0
26656	0
26658	0
26659	0
26660	0
26661	0
26662	1
26663	0
26664	0
26665	0
26666	0
26667	0
26668	1
26669	1
26670	1
26671	1
26672	1
26673	1
26674	0
26675	0
26676	0
26677	0
26678	0
26679	0
26680	0
26681	0
26682	0
26683	1
26684	1
26685	1
26686	1
26687	1
26688	0
26690	1
26691	1
26692	1
26693	1
26694	1
26696	1
26697	0
26698	0
26699	0
26700	0
26701	0
26702	0
26703	0
26704	0
26705	0
26706	0
26707	0
26708	0
26709	0
26711	0
26712	0
26713	0
26716	1
26718	0
26719	0
26720	0
26721	0
26722	1
26723	1
26724	0
26725	0
26726	0
26727	1
26728	1
26729	1
26730	1
26731	1
26732	0
26733	0
26734	1
26735	1
26736	1
26737	1
26738	0
26739	0
26740	0
26741	0
26742	0
26743	0
26744	0
26745	0
26746	0
26747	0
26748	0
26749	0
26750	0
26751	0
26752	0
26753	0
26754	0
26755	0
26756	0
26757	0
26758	0
26759	0
26760	0
26761	1
26762	0
26763	1
26764	1
26765	0
26766	1
26767	1
26768	1
26769	0
26770	0
26771	0
26772	0
26773	0
26774	0
26775	0
26776	0
26777	0
26778	0
26779	0
26780	0
26781	0
26782	1
26783	1
26784	0
26785	0
26786	0
26787	0
26788	0
26789	0
26790	1
26791	2
26792	1
26793	0
26794	1
26795	0
26796	1
26797	0
26798	1
26799	1
26800	1
26801	1
26802	1
26803	1
26804	0
26805	1
26806	0
26807	0
26808	0
26809	0
26810	1
26811	0
26812	0
26813	0
26814	0
26815	0
26816	0
26817	0
26818	0
26819	0
26820	0
26821	0
26822	1
26823	0
26824	0
26825	0
26826	0
26827	0
26828	1
26829	0
26830	1
26831	0
26832	1
26833	0
26834	0
26835	0
26836	1
26837	1
26838	1
26839	0
26840	1
26841	1
26842	1
26844	1
26845	1
26846	1
26847	1
26848	1
26850	1
26851	1
26852	1
26853	1
26854	1
26855	0
26856	0
26857	0
26858	1
26859	1
26860	1
26861	1
26862	1
26863	1
26864	0
26865	1
26867	0
26868	0
26869	0
26870	0
26871	0
26872	0
26873	0
26874	0
26875	1
26876	1
26877	1
26878	1
26879	1
26880	1
26881	1
26882	0
26883	0
26884	0
26885	0
26886	0
26887	0
26888	1
26889	0
26890	1
26891	0
26892	0
26893	1
26894	0
26895	0
26896	0
26897	0
26898	0
26899	0
26900	0
26901	0
26902	0
26903	0
26904	0
26905	0
26906	0
26907	0
26908	0
26909	0
26910	0
26911	0
26912	0
26913	0
26914	0
26915	0
26916	0
26917	3
26918	1
26919	0
26920	0
26921	0
26922	0
26923	0
26924	0
26925	1
26926	0
26927	0
26928	1
26929	1
26930	1
26931	0
26932	1
26933	1
26934	0
26935	0
26936	0
26937	0
26938	0
26939	0
26941	0
26942	0
26943	0
26944	0
26945	0
26946	0
26947	0
26948	0
26949	1
26950	0
26951	0
26952	0
26953	0
26954	0
26955	0
26956	0
26957	0
26958	0
26959	0
26960	0
26961	0
26962	0
26963	0
26964	0
26965	0
26966	0
26967	3
26968	0
26969	0
26970	1
26971	0
26972	0
26973	0
26974	0
26975	0
26976	0
26977	0
26978	1
26979	1
26980	0
26981	0
26982	0
26983	0
26984	0
26985	0
26986	0
26987	0
26988	0
26989	0
26990	0
26991	0
26992	0
26993	0
26994	0
26995	0
26996	0
26997	0
26998	0
26999	0
27000	0
27001	0
27002	1
27003	1
27004	0
27005	0
27006	1
27007	1
27008	1
27009	1
27010	0
27011	0
27012	0
27014	0
27015	0
27017	0
27018	1
27019	0
27020	0
27021	0
27022	0
27023	0
27024	0
27025	0
27026	0
27027	0
27028	0
27029	0
27030	0
27031	0
27032	0
27033	0
27034	0
27035	1
27036	1
27037	0
27038	0
27039	0
27040	0
27041	0
27042	0
27043	0
27044	0
27045	0
27046	0
27047	0
27048	1
27049	0
27051	0
27052	0
27053	0
27054	0
27055	0
27056	0
27057	0
27058	0
27059	0
27060	0
27061	0
27062	0
27063	0
27064	0
27065	0
27066	0
27067	0
27068	0
27069	0
27070	0
27071	0
27072	0
27073	0
27074	0
27075	0
27079	1
27088	0
27089	0
27099	1
27101	1
27102	1
27103	0
27104	0
27105	1
27106	0
27107	0
27108	0
27109	0
27110	0
27111	0
27112	0
27113	0
27114	0
27115	0
27117	0
27118	0
27119	0
27120	1
27121	0
27122	1
27123	0
27124	0
27125	0
27126	1
27127	0
27128	0
27131	0
27132	0
27133	0
27134	0
27135	0
27136	1
27137	0
27138	0
27139	0
27140	0
27141	0
27142	0
27143	0
27144	0
27145	0
27146	0
27147	0
27148	0
27149	0
27150	0
27151	0
27152	0
27153	0
27154	0
27155	1
27156	1
27157	1
27158	1
27159	1
27160	1
27161	1
27162	0
27163	0
27164	0
27165	0
27166	0
27167	0
27168	0
27169	0
27170	1
27171	0
27172	1
27173	0
27174	0
27175	1
27176	0
27177	0
27178	0
27179	0
27180	0
27181	0
27182	0
27183	0
27184	0
27185	0
27186	0
27187	0
27188	0
27189	0
27190	0
27191	0
27193	0
27194	0
27195	0
27196	0
27197	0
27198	0
27199	0
27200	0
27201	0
27202	0
27203	0
27204	1
27205	0
27206	0
27207	0
27208	0
27209	0
27210	1
27211	0
27212	0
27213	0
27214	0
27215	0
27216	0
27217	0
27218	0
27219	0
27220	0
27221	0
27222	0
27223	0
27224	0
27225	0
27226	0
27227	0
27228	0
27229	0
27230	0
27231	5
27232	0
27233	0
27234	0
27235	0
27236	0
27237	0
27238	0
27239	0
27240	0
27241	0
27242	0
27243	1
27244	0
27245	1
27246	0
27247	1
27248	0
27249	1
27250	0
27251	0
27252	0
27253	0
27254	0
27255	1
27257	0
27258	0
27259	0
27260	0
27261	0
27262	0
27263	0
27264	0
27265	0
27266	0
27267	0
27268	1
27270	1
27271	0
27272	0
27273	1
27274	1
27275	1
27276	0
27277	0
27278	0
27279	0
27280	0
27281	0
27282	0
27283	0
27284	0
27285	1
27286	0
27287	0
27288	0
27289	0
27290	0
27291	0
27292	1
27293	0
27294	0
27295	0
27296	0
27297	0
27298	0
27299	0
27300	0
27301	0
27302	0
27303	3
27304	3
27305	0
27306	0
27307	3
27308	3
27309	3
27310	3
27311	3
27312	3
27313	1
27314	0
27315	0
27316	0
27317	0
27318	0
27319	0
27320	0
27321	0
27322	0
27323	0
27324	0
27326	0
27327	0
27328	1
27329	0
27330	0
27331	0
27332	0
27333	0
27334	1
27335	0
27336	0
27337	1
27338	0
27339	0
27340	0
27341	0
27342	0
27343	0
27344	1
27345	0
27346	0
27347	1
27348	1
27349	0
27350	1
27351	0
27352	0
27353	0
27354	0
27355	0
27356	0
27357	0
27358	0
27359	0
27360	0
27361	0
27362	0
27363	0
27364	0
27365	0
27366	0
27367	0
27368	0
27369	0
27370	0
27371	0
27372	1
27373	1
27374	0
27375	0
27376	0
27377	1
27378	0
27379	0
27380	0
27381	0
27382	0
27383	1
27384	1
27385	0
27386	0
27387	0
27388	0
27389	1
27390	1
27391	0
27392	0
27393	0
27394	0
27395	0
27396	0
27397	0
27398	0
27399	0
27400	0
27401	0
27402	0
27403	0
27404	0
27405	0
27406	0
27407	0
27408	0
27409	0
27410	0
27411	0
27412	0
27413	0
27414	0
27416	0
27417	0
27418	0
27419	0
27420	0
27421	0
27422	0
27423	0
27424	0
27425	0
27426	0
27427	0
27428	0
27429	0
27430	0
27431	1
27432	0
27433	0
27434	0
27435	0
27436	0
27437	0
27438	0
27439	1
27440	0
27441	0
27442	0
27443	0
27444	0
27445	0
27446	0
27447	1
27448	0
27449	0
27450	0
27451	0
27452	0
27453	0
27454	0
27455	3
27456	0
27457	0
27458	0
27459	0
27460	0
27461	0
27462	0
27463	0
27464	0
27465	0
27466	0
27467	0
27468	0
27469	0
27470	0
27471	0
27472	0
27473	0
27474	0
27475	0
27476	1
27477	0
27478	0
27479	0
27480	3
27481	0
27482	0
27483	1
27484	0
27485	0
27486	0
27487	0
27488	0
27489	0
27490	0
27491	0
27492	0
27493	0
27494	0
27495	0
27496	0
27497	0
27499	0
27500	0
27501	0
27504	1
27505	0
27506	1
27507	0
27508	0
27509	1
27510	1
27511	1
27512	0
27513	0
27514	0
27515	0
27516	0
27517	0
27518	1
27519	1
27520	1
27521	1
27522	0
27523	0
27526	0
27527	0
27529	0
27530	1
27531	1
27532	1
27533	0
27534	0
27535	1
27536	1
27537	1
27538	1
27539	0
27540	1
27541	0
27542	1
27543	0
27544	1
27545	0
27546	0
27547	0
27548	0
27549	1
27550	1
27551	0
27552	0
27553	1
27554	0
27555	0
27556	0
27557	1
27558	1
27559	0
27560	1
27561	0
27562	0
27563	0
27564	1
27565	0
27566	0
27567	1
27568	0
27569	0
27570	0
27571	1
27572	0
27573	0
27574	0
27575	1
27576	1
27577	0
27578	1
27579	1
27580	1
27581	0
27582	0
27583	1
27584	0
27585	0
27586	0
27587	0
27588	1
27589	0
27590	0
27591	0
27592	0
27593	0
27595	0
27596	0
27597	1
27598	0
27599	0
27600	0
27601	0
27602	0
27603	1
27604	5
27605	1
27606	0
27607	0
27608	1
27609	0
27610	0
27611	1
27613	0
27614	0
27615	0
27616	1
27617	0
27618	1
27619	1
27620	0
27622	0
27623	1
27624	1
27625	0
27626	0
27627	0
27628	0
27629	1
27630	1
27631	1
27632	0
27633	1
27634	1
27635	1
27636	0
27637	0
27638	1
27639	1
27640	1
27641	1
27642	1
27643	1
27644	1
27645	1
27646	0
27647	1
27648	1
27649	1
27650	1
27651	1
27653	1
27654	1
27655	1
27656	1
27657	1
27658	1
27659	1
27660	0
27661	0
27662	0
27663	0
27664	0
27665	1
27666	0
27667	0
27668	0
27669	1
27671	0
27673	1
27674	0
27676	0
27677	0
27678	1
27679	0
27680	0
27682	1
27683	0
27684	0
27685	0
27686	0
27687	0
27688	0
27689	0
27690	1
27691	1
27692	0
27693	1
27694	0
27695	1
27696	1
27697	0
27698	0
27699	0
27701	0
27702	0
27703	0
27704	0
27705	0
27706	0
27707	0
27708	1
27709	0
27710	0
27711	0
27712	0
27713	1
27714	0
27715	1
27716	1
27717	1
27718	1
27719	0
27720	0
27721	0
27722	0
27723	0
27724	0
27725	1
27726	1
27727	1
27729	1
27730	0
27731	0
27732	1
27733	0
27734	1
27736	1
27737	0
27738	0
27740	0
27741	0
27742	1
27743	1
27744	1
27745	1
27746	1
27747	1
27748	1
27749	1
27750	1
27751	1
27752	1
27753	0
27754	0
27755	0
27756	0
27757	0
27758	1
27759	1
27760	0
27761	1
27762	1
27763	1
27764	0
27765	1
27766	3
27767	3
27768	3
27769	3
27770	3
27771	3
27772	3
27773	3
27774	3
27775	3
27776	3
27777	3
27778	3
27779	3
27780	3
27781	3
27782	3
27783	1
27784	1
27785	1
27786	0
27787	0
27788	0
27789	3
27791	0
27792	0
27793	0
27794	0
27795	0
27796	1
27797	0
27798	0
27799	0
27800	0
27801	1
27802	0
27803	0
27804	0
27805	0
27806	0
27807	0
27808	1
27809	0
27810	0
27811	0
27812	0
27813	0
27814	0
27815	0
27816	0
27817	0
27818	0
27819	0
27820	0
27821	0
27822	0
27823	0
27824	0
27825	0
27826	0
27827	0
27828	0
27829	0
27830	0
27832	0
27833	0
27834	0
27835	0
27836	0
27837	0
27838	0
27839	0
27840	0
27841	0
27842	0
27843	0
27844	0
27845	0
27846	0
27847	0
27848	0
27849	0
27850	0
27851	0
27852	0
27853	0
27854	0
27855	0
27856	1
27857	0
27858	3
27859	1
27860	1
27862	0
27863	0
27864	0
27865	0
27866	0
27867	0
27868	0
27869	0
27870	0
27871	1
27872	3
27873	0
27874	0
27875	0
27876	0
27877	0
27878	0
27879	0
27880	0
27881	0
27882	0
27883	0
27884	0
27885	0
27886	0
27887	0
27888	0
27889	0
27890	0
27891	0
27892	0
27893	0
27894	1
27895	0
27896	0
27897	0
27898	0
27899	0
27900	1
27902	0
27903	0
27904	0
27905	0
27906	0
27907	0
27908	0
27909	0
27910	0
27911	0
27912	0
27913	0
27914	0
27915	0
27916	0
27917	0
27918	0
27919	0
27920	0
27921	0
27922	1
27923	0
27924	0
27925	3
27926	0
27927	0
27928	1
27929	0
27930	0
27931	0
27932	0
27933	0
27935	0
27936	0
27937	0
27938	0
27939	0
27940	0
27941	0
27942	1
27943	0
27944	0
27946	1
27947	1
27948	0
27949	1
27950	0
27951	3
27952	0
27953	1
27954	0
27955	0
27956	0
27957	0
27958	0
27959	0
27960	1
27961	1
27962	1
27963	1
27964	1
27965	1
27966	1
27967	1
27968	1
27969	1
27970	1
27971	1
27972	1
27973	0
27974	0
27975	1
27976	0
27977	1
27978	1
27979	0
27980	1
27981	0
27982	1
27983	1
27984	0
27985	1
27986	1
27987	0
27988	0
27989	0
27990	3
27991	0
27992	0
27993	0
27994	0
27995	0
27996	1
27997	0
27998	0
27999	0
28000	0
28001	0
28002	0
28003	0
28004	0
28005	0
28006	0
28007	1
28008	0
28009	0
28010	0
28011	0
28012	1
28013	0
28014	0
28015	0
28016	0
28017	0
28018	1
28019	0
28021	1
28022	0
28023	0
28024	1
28025	1
28026	0
28027	1
28028	0
28029	0
28030	3
28031	0
28032	0
28033	0
28034	0
28035	0
28036	0
28037	0
28038	0
28039	0
28040	0
28041	0
28042	0
28043	0
28044	0
28045	0
28046	0
28047	0
28048	1
28049	0
28050	0
28051	0
28052	0
28053	0
28054	0
28055	1
28056	0
28057	0
28058	0
28059	0
28060	0
28061	0
28062	0
28063	1
28064	0
28065	0
28066	0
28067	0
28068	1
28069	0
28070	1
28076	1
28077	1
28078	0
28079	0
28080	0
28081	0
28082	1
28083	0
28085	0
28086	0
28087	0
28088	0
28089	3
28090	0
28092	3
28093	0
28094	0
28095	1
28096	0
28097	0
28098	0
28099	0
28100	0
28101	0
28103	3
28104	0
28105	0
28106	1
28107	1
28108	0
28109	0
28110	0
28111	0
28112	0
28113	0
28114	1
28115	1
28116	1
28117	0
28118	0
28119	0
28120	0
28121	0
28122	0
28123	0
28124	0
28125	0
28126	0
28127	0
28128	0
28129	0
28130	1
28131	0
28132	1
28133	0
28135	0
28136	0
28137	0
28138	1
28139	0
28140	0
28141	0
28142	0
28143	0
28144	0
28145	0
28148	0
28149	1
28150	0
28151	0
28153	0
28156	0
28157	0
28158	0
28159	1
28160	1
28161	0
28162	0
28163	1
28164	1
28165	0
28166	0
28167	0
28168	1
28169	0
28170	0
28171	1
28172	0
28173	0
28174	0
28175	1
28176	1
28177	1
28178	1
28179	3
28180	0
28181	0
28182	3
28183	0
28184	0
28186	0
28187	0
28188	0
28189	1
28190	0
28191	0
28192	0
28194	1
28195	0
28196	0
28197	0
28198	0
28199	1
28200	1
28201	1
28202	0
28203	0
28204	0
28205	0
28206	0
28207	1
28208	3
28209	0
28210	0
28211	1
28212	3
28213	0
28214	0
28215	0
28216	0
28217	0
28218	0
28220	0
28221	0
28222	1
28224	0
28225	0
28226	0
28227	0
28228	1
28229	0
28230	0
28231	1
28232	0
28233	0
28234	0
28235	0
28236	1
28237	0
28239	0
28240	0
28241	0
28242	1
28243	1
28244	1
28245	0
28246	0
28247	0
28248	0
28249	1
28250	0
28251	0
28252	0
28253	0
28254	0
28255	1
28256	0
28257	0
28258	0
28259	0
28260	0
28261	1
28262	1
28263	1
28264	0
28265	0
28266	0
28267	0
28268	0
28269	0
28270	0
28271	0
28273	0
28274	1
28276	1
28277	0
28278	0
28279	0
28280	2
28282	2
28283	0
28284	0
28288	0
28289	0
28292	0
28293	0
28294	0
28295	0
28296	0
28297	0
28298	0
28299	0
28300	0
28301	0
28302	0
28303	0
28304	0
28305	0
28306	0
28307	0
28308	0
28309	0
28310	0
28311	0
28312	0
28313	0
28314	0
28315	1
28316	0
28317	0
28318	1
28319	0
28320	0
28322	0
28323	0
28324	0
28325	0
28327	1
28328	0
28329	0
28330	0
28332	0
28333	0
28340	0
28341	0
28342	0
28343	0
28344	0
28345	0
28346	0
28347	0
28348	1
28349	0
28350	0
28351	0
28352	0
28353	1
28354	1
28355	0
28356	1
28357	3
28358	0
28359	0
28360	0
28361	0
28362	0
28363	0
28364	0
28365	0
28366	0
28367	0
28368	1
28369	0
28370	0
28371	0
28372	0
28373	0
28374	0
28375	0
28376	0
28377	1
28378	0
28379	0
28380	0
28381	0
28382	0
28383	0
28384	0
28385	0
28386	0
28387	0
28388	0
28389	0
28390	0
28391	0
28392	0
28393	0
28394	0
28395	0
28396	0
28397	0
28398	0
28399	0
28400	0
28401	3
28402	0
28403	0
28404	0
28405	0
28406	0
28407	0
28408	0
28409	0
28410	1
28411	0
28412	0
28413	0
28414	0
28415	0
28416	1
28417	0
28418	0
28419	0
28420	0
28421	0
28422	0
28423	0
28424	0
28425	0
28426	0
28427	0
28428	0
28429	0
28430	0
28431	0
28432	0
28433	0
28434	0
28435	0
28436	0
28437	0
28438	0
28439	0
28440	0
28441	0
28442	0
28443	1
28444	3
28445	3
28446	1
28447	0
28448	0
28449	0
28450	1
28451	1
28452	0
28453	0
28454	0
28455	0
28456	0
28457	0
28458	0
28459	0
28460	0
28461	0
28462	0
28463	0
28464	0
28465	0
28466	0
28467	1
28468	0
28469	0
28470	0
28471	1
28472	1
28473	0
28474	1
28475	0
28476	0
28477	1
28478	0
28479	0
28480	0
28481	0
28482	0
28483	0
28484	0
28485	0
28486	0
28487	1
28488	0
28489	0
28490	0
28491	0
28492	0
28493	0
28494	0
28495	0
28496	0
28497	0
28498	3
28499	3
28500	1
28501	1
28503	1
28504	0
28505	0
28506	0
28507	0
28509	0
28510	1
28511	0
28512	0
28513	0
28514	3
28515	3
28516	3
28517	3
28518	0
28519	0
28520	0
28521	0
28523	0
28524	0
28525	0
28526	0
28527	0
28528	0
28529	0
28530	0
28531	0
28532	0
28533	0
28534	1
28535	0
28536	0
28537	0
28538	0
28539	0
28540	0
28541	0
28542	0
28543	0
28544	0
28545	0
28546	1
28547	1
28548	1
28549	0
28550	0
28551	0
28552	0
28553	0
28554	0
28555	0
28556	0
28557	0
28558	1
28559	0
28560	0
28561	3
28563	0
28564	0
28565	0
28566	0
28567	0
28568	0
28569	0
28570	0
28571	0
28572	0
28573	0
28574	0
28575	0
28576	0
28577	0
28578	1
28579	1
28580	1
28581	1
28582	1
28583	1
28584	1
28585	0
28586	1
28587	1
28589	0
28590	1
28591	0
28593	0
28594	0
28595	0
28596	0
28597	1
28599	0
28600	0
28601	0
28602	0
28603	0
28604	0
28605	0
28606	0
28607	0
28608	0
28609	0
28610	0
28611	0
28612	1
28613	0
28614	0
28615	1
28616	0
28617	0
28618	1
28619	0
28620	0
28621	1
28622	0
28623	1
28624	1
28625	0
28626	0
28627	0
28628	0
28629	0
28630	0
28631	0
28632	0
28633	0
28635	0
28636	0
28637	1
28638	0
28639	0
28640	0
28641	0
28642	0
28643	0
28644	0
28645	0
28646	0
28647	0
28648	0
28650	0
28651	0
28652	0
28653	1
28654	0
28655	0
28656	0
28657	0
28658	1
28659	1
28660	0
28662	0
28663	0
28664	0
28665	0
28666	0
28667	1
28668	1
28669	0
28670	1
28671	1
28672	3
28674	0
28675	0
28676	0
28677	0
28678	0
28679	0
28680	0
28681	0
28682	0
28683	1
28684	1
28685	0
28686	0
28687	0
28689	1
28690	0
28691	0
28692	0
28693	0
28694	0
28695	0
28696	0
28697	0
28698	0
28699	0
28700	0
28701	0
28702	0
28703	0
28704	0
28705	0
28706	0
28707	0
28708	0
28709	0
28710	0
28711	0
28712	0
28713	0
28714	0
28715	0
28716	0
28717	0
28718	0
28719	0
28720	0
28721	0
28722	0
28723	0
28724	0
28725	0
28726	0
28727	0
28728	0
28729	1
28730	1
28731	1
28732	1
28733	1
28734	1
28735	5
28736	0
28737	1
28738	0
28739	0
28740	0
28741	0
28742	0
28743	1
28744	0
28745	0
28746	0
28747	0
28748	0
28749	0
28750	0
28751	0
28752	0
28753	0
28754	0
28755	0
28756	0
28757	0
28758	0
28759	0
28760	0
28761	0
28762	0
28763	0
28764	0
28765	3
28766	0
28767	0
28768	0
28769	0
28770	0
28771	0
28773	0
28774	0
28775	0
28776	0
28777	0
28778	0
28779	0
28780	0
28781	0
28782	1
28783	0
28784	1
28785	3
28786	0
28787	0
28788	1
28789	0
28790	1
28791	0
28792	0
28793	1
28794	0
28795	0
28796	0
28797	0
28798	0
28799	0
28800	0
28801	1
28802	0
28803	0
28804	0
28805	1
28806	0
28807	0
28808	0
28809	0
28810	0
28811	0
28812	0
28813	0
28814	0
28815	0
28816	0
28817	0
28818	1
28819	0
28820	0
28821	0
28822	0
28823	1
28824	0
28825	0
28826	1
28827	0
28828	0
28829	0
28830	0
28831	0
28832	0
28833	0
28834	1
28835	1
28836	1
28837	1
28838	1
28839	0
28840	1
28841	0
28842	0
28843	0
28844	0
28845	0
28846	0
28847	0
28848	0
28849	1
28850	1
28851	0
28852	0
28853	0
28854	0
28855	0
28856	1
28857	0
28858	0
28859	3
28860	3
28861	0
28862	0
28863	1
28864	0
28865	1
28866	0
28867	0
28868	0
28869	0
28870	0
28871	0
28872	0
28873	0
28874	0
28875	0
28876	0
28877	0
28878	0
28879	0
28880	0
28881	0
28882	0
28883	0
28884	1
28885	1
28886	1
28887	0
28888	0
28889	0
28890	1
28891	0
28892	0
28893	0
28894	0
28895	0
28896	0
28897	0
28898	0
28899	0
28900	0
28901	1
28902	1
28903	0
28904	0
28905	0
28906	0
28907	1
28908	1
28909	1
28910	3
28911	1
28912	0
28913	0
28914	0
28915	1
28916	0
28917	0
28918	0
28919	1
28920	1
28921	1
28922	1
28923	1
28924	0
28925	0
28926	1
28927	0
28928	0
28929	0
28930	0
28931	1
28932	0
28933	0
28934	0
28935	0
28936	0
28937	1
28938	0
28939	0
28940	0
28941	0
28942	0
28943	0
28944	0
28945	0
28946	0
28947	1
28948	0
28949	0
28950	0
28951	0
28952	1
28953	0
28954	0
28955	0
28956	0
28957	0
28958	0
28960	0
28961	1
28964	1
28965	1
28984	0
28985	0
28986	0
28987	0
28988	0
28989	0
28990	0
28991	0
28992	0
28993	0
28994	0
28995	0
28996	1
28997	0
28998	1
28999	0
29000	0
29001	0
29002	0
29003	0
29004	0
29005	0
29006	1
29007	0
29008	0
29009	0
29010	0
29011	0
29013	0
29014	1
29015	1
29016	0
29017	0
29018	0
29019	0
29020	0
29021	3
29022	3
29023	3
29024	3
29025	0
29026	0
29027	0
29028	1
29029	0
29030	0
29031	0
29032	0
29033	0
29034	0
29035	1
29036	0
29037	1
29038	0
29039	0
29043	1
29044	0
29045	0
29046	0
29047	1
29048	0
29049	0
29050	3
29051	0
29052	0
29053	0
29054	0
29055	0
29056	0
29057	0
29058	0
29059	0
29060	0
29061	0
29062	0
29063	0
29064	0
29065	0
29066	0
29067	0
29068	0
29069	0
29070	0
29071	0
29072	0
29073	0
29074	0
29075	3
29076	0
29077	1
29078	1
29079	0
29080	1
29081	0
29082	0
29083	0
29087	1
29088	0
29089	0
29093	0
29094	0
29095	0
29096	0
29097	0
29098	0
29099	0
29100	0
29101	0
29102	1
29103	1
29104	1
29105	0
29106	0
29107	1
29108	1
29109	3
29110	3
29111	1
29112	1
29113	1
29114	1
29115	1
29116	0
29117	0
29118	0
29119	0
29120	1
29121	1
29122	1
29123	0
29124	0
29125	0
29126	0
29127	0
29128	1
29129	0
29130	1
29131	1
29132	1
29133	0
29134	0
29135	0
29136	0
29137	1
29138	0
29139	0
29140	0
29141	0
29142	0
29143	0
29144	0
29145	0
29146	1
29147	0
29149	1
29150	1
29151	0
29152	0
29153	0
29154	0
29155	1
29156	1
29157	0
29158	1
29159	1
29160	1
29161	1
29162	1
29163	0
29165	0
29169	1
29170	0
29171	0
29172	0
29173	3
29174	1
29175	3
29176	3
29177	3
29178	3
29179	3
29180	3
29181	3
29182	3
29183	3
29184	0
29185	0
29186	1
29187	0
29188	0
29189	0
29190	1
29191	0
29192	0
29193	0
29194	1
29195	1
29196	1
29197	0
29198	1
29199	1
29200	1
29201	1
29202	1
29203	0
29204	1
29205	0
29206	1
29207	0
29208	0
29209	0
29210	0
29211	0
29212	0
29213	0
29214	0
29215	0
29216	1
29217	1
29218	0
29219	0
29220	0
29221	1
29222	1
29223	0
29224	0
29225	0
29227	3
29228	0
29229	1
29230	0
29231	0
29232	0
29233	0
29234	1
29235	0
29236	0
29237	0
29238	0
29239	0
29240	1
29241	1
29242	1
29243	1
29244	0
29245	0
29246	3
29247	1
29248	1
29249	3
29250	0
29251	0
29252	0
29253	0
29254	1
29255	1
29256	1
29257	0
29258	0
29259	0
29260	0
29261	0
29262	0
29263	0
29264	0
29265	5
29266	1
29267	0
29268	3
29269	0
29270	0
29271	1
29272	0
29273	1
29274	1
29275	0
29276	1
29277	0
29278	3
29279	0
29280	1
29281	0
29282	0
29283	0
29285	0
29286	1
29287	0
29288	0
29289	0
29290	0
29291	0
29292	0
29293	0
29294	0
29295	0
29296	0
29297	0
29298	0
29299	0
29300	0
29301	0
29302	0
29303	0
29304	1
29305	1
29306	1
29307	1
29308	1
29309	1
29310	1
29311	1
29312	1
29313	1
29314	1
29315	1
29316	1
29317	1
29318	0
29319	0
29320	0
29321	1
29322	0
29323	0
29324	3
29325	0
29326	1
29327	0
29328	0
29329	0
29330	0
29331	0
29332	0
29333	0
29334	0
29335	1
29336	0
29337	0
29338	0
29339	0
29340	5
29341	0
29342	0
29343	1
29344	1
29345	0
29346	0
29347	1
29348	0
29349	0
29350	1
29351	1
29352	1
29353	1
29354	1
29355	1
29356	1
29357	0
29358	0
29359	1
29360	0
29361	0
29362	1
29363	1
29364	0
29365	0
29366	0
29367	1
29368	1
29369	0
29370	0
29371	1
29372	1
29373	3
29374	0
29375	1
29376	0
29377	0
29378	0
29379	0
29380	0
29381	0
29382	0
29383	0
29384	0
29385	0
29386	0
29387	0
29388	1
29389	0
29390	0
29391	0
29392	0
29393	3
29394	3
29395	1
29396	1
29397	0
29398	0
29399	0
29400	0
29401	0
29402	0
29403	0
29404	0
29405	1
29406	0
29407	0
29408	0
29409	0
29411	0
29412	0
29413	0
29414	0
29415	0
29416	0
29417	3
29418	0
29419	0
29420	0
29421	0
29422	0
29423	0
29424	0
29425	1
29426	0
29427	0
29428	0
29429	0
29430	0
29431	0
29432	0
29433	0
29434	0
29435	0
29436	0
29437	0
29438	0
29439	0
29440	0
29441	0
29442	0
29443	0
29444	0
29445	3
29446	3
29447	3
29448	3
29449	0
29450	0
29451	0
29452	0
29453	0
29454	0
29455	0
29456	1
29457	0
29458	0
29459	0
29460	0
29461	0
29466	0
29468	0
29469	0
29471	0
29472	0
29473	0
29474	0
29475	0
29476	0
29477	0
29478	0
29479	0
29480	1
29481	0
29482	0
29483	0
29484	0
29485	1
29486	0
29487	0
29488	0
29489	0
29490	0
29491	0
29492	0
29493	0
29494	0
29495	0
29496	0
29497	0
29498	0
29499	0
29500	0
29501	0
29503	1
29504	0
29505	0
29506	0
29507	0
29508	0
29509	0
29510	0
29511	0
29512	0
29513	0
29514	0
29515	0
29517	0
29518	0
29519	0
29520	0
29521	0
29522	1
29523	0
29524	0
29525	0
29526	0
29527	0
29528	0
29529	0
29530	0
29532	0
29533	0
29534	0
29535	0
29537	0
29538	0
29539	0
29540	0
29541	0
29542	1
29543	1
29544	1
29545	0
29546	0
29547	0
29548	0
29549	0
29550	0
29551	0
29552	0
29553	0
29554	0
29555	0
29556	0
29558	0
29559	0
29560	1
29561	0
29562	0
29563	0
29564	0
29565	0
29566	0
29567	0
29568	0
29569	0
29570	0
29571	0
29572	1
29573	1
29574	1
29575	1
29576	1
29577	0
29578	0
29579	1
29580	0
29581	0
29582	0
29583	0
29584	0
29585	0
29586	0
29587	1
29588	0
29589	0
29590	0
29591	0
29592	0
29593	1
29594	0
29595	0
29596	0
29597	0
29598	0
29599	0
29601	1
29602	0
29603	1
29604	1
29605	0
29607	1
29608	1
29609	1
29610	0
29611	3
29612	1
29613	1
29614	1
29615	3
29616	0
29617	0
29618	0
29619	0
29620	1
29621	3
29622	0
29623	0
29624	0
29625	0
29626	0
29627	0
29628	0
29629	3
29630	0
29631	0
29632	1
29633	1
29634	1
29635	1
29636	0
29637	5
29639	0
29640	0
29641	0
29642	0
29643	0
29644	0
29645	0
29646	0
29647	0
29648	0
29649	0
29650	0
29651	0
29652	0
29654	0
29655	0
29656	0
29657	0
29658	0
29660	0
29662	0
29663	0
29664	1
29665	0
29667	0
29668	0
29669	0
29670	0
29671	0
29672	0
29673	0
29674	0
29675	0
29676	0
29677	0
29679	0
29680	0
29681	1
29682	1
29684	0
29685	0
29686	0
29687	1
29688	1
29689	1
29690	1
29691	0
29692	0
29693	0
29694	0
29695	0
29696	0
29697	0
29698	0
29699	0
29700	0
29701	3
29702	0
29703	0
29704	1
29708	0
29709	0
29710	0
29711	0
29712	0
29713	0
29714	0
29715	0
29716	0
29717	0
29718	3
29719	0
29720	0
29721	0
29722	0
29724	0
29725	0
29726	0
29727	1
29728	0
29729	1
29730	1
29731	1
29732	1
29733	1
29734	0
29735	0
29736	1
29737	0
29738	0
29740	0
29741	1
29742	0
29743	0
29744	0
29745	0
29746	0
29747	1
29748	1
29749	0
29750	0
29751	1
29752	0
29753	0
29754	0
29755	0
29756	1
29757	0
29758	0
29759	0
29760	0
29761	0
29762	0
29763	0
29764	0
29765	0
29766	0
29767	0
29768	1
29769	0
29770	0
29771	0
29772	0
29773	0
29774	1
29775	0
29776	0
29777	0
29778	0
29780	0
29781	0
29782	0
29783	0
29784	0
29785	0
29789	1
29790	1
29791	0
29792	0
29793	0
29794	1
29795	1
29796	0
29798	0
29799	1
29800	0
29801	1
29802	0
29803	0
29804	1
29805	0
29806	0
29807	0
29808	0
29809	1
29810	0
29811	1
29812	0
29814	0
29815	0
29816	0
29818	1
29819	1
29820	1
29821	1
29822	1
29823	1
29824	1
29825	1
29826	1
29827	1
29828	1
29829	1
29830	1
29831	1
29832	1
29833	1
29834	0
29835	1
29836	1
29837	1
29838	1
29839	0
29840	0
29841	0
29842	1
29843	0
29844	0
29845	0
29846	0
29847	0
29848	0
29849	0
29850	1
29851	1
29852	1
29853	1
29854	1
29855	0
29856	0
29857	0
29858	0
29859	0
29860	0
29861	0
29862	0
29863	0
29864	1
29865	0
29866	0
29867	1
29868	0
29870	0
29871	0
29872	1
29873	0
29874	0
29875	0
29876	0
29877	0
29878	0
29879	0
29880	0
29881	1
29882	0
29883	0
29884	0
29885	1
29886	0
29887	1
29888	0
29889	0
29890	0
29891	0
29892	0
29893	0
29894	0
29895	1
29896	0
29897	0
29898	1
29899	1
29900	1
29901	0
29902	0
29903	0
29904	0
29905	0
29906	0
29907	0
29908	0
29909	0
29910	0
29911	0
29912	0
29913	0
29914	1
29915	0
29916	0
29917	0
29918	1
29919	0
29920	1
29921	0
29922	0
29923	0
29924	0
29925	0
29926	0
29927	0
29928	0
29929	0
29930	0
29931	1
29932	1
29933	0
29934	1
29935	1
29936	0
29937	0
29938	0
29939	0
29940	3
29941	1
29942	0
29943	0
29944	0
29945	0
29947	0
29948	0
29949	0
29950	0
29951	0
29952	0
29953	0
29955	3
29958	0
29959	0
29960	0
29961	0
29962	1
29963	0
29964	0
29965	0
29966	0
29967	0
29968	0
29969	0
29970	1
29971	0
29973	1
29974	0
29975	0
29976	0
29977	0
29978	0
29979	0
29980	1
29981	0
29982	0
29983	3
29984	1
29985	1
29986	1
29987	0
29988	1
29989	1
29990	1
29991	3
29992	0
29993	0
29994	0
29995	0
29996	0
29997	0
29998	0
29999	0
30000	3
30001	0
30002	1
30003	0
30004	0
30005	0
30006	0
30007	0
30008	0
30009	0
30010	0
30011	0
30012	0
30013	1
30014	1
30015	1
30016	1
30017	1
30018	1
30019	1
30020	1
30021	1
30022	1
30023	1
30024	1
30025	1
30026	1
30027	0
30028	0
30029	0
30030	0
30031	0
30032	0
30033	0
30034	0
30035	0
30036	0
30037	0
30038	0
30039	1
30040	0
30041	0
30042	0
30043	0
30044	0
30045	0
30046	0
30047	1
30048	1
30049	1
30050	0
30051	0
30052	1
30053	0
30054	0
30055	0
30056	0
30057	1
30058	0
30059	0
30060	0
30061	3
30062	0
30063	1
30064	1
30065	1
30066	0
30067	0
30068	0
30069	0
30070	0
30071	1
30072	0
30073	0
30074	1
30075	1
30076	0
30077	0
30078	0
30079	0
30080	0
30081	0
30082	1
30083	1
30084	0
30085	1
30086	0
30087	1
30088	1
30089	0
30090	0
30091	0
30093	0
30094	0
30095	0
30096	0
30097	1
30098	0
30099	1
30101	0
30102	0
30103	0
30104	0
30105	1
30106	0
30107	1
30108	1
30110	0
30111	1
30113	1
30114	0
30115	3
30116	1
30117	1
30118	0
30119	1
30120	0
30121	1
30122	0
30123	1
30124	1
30125	0
30126	0
30127	1
30130	0
30131	0
30132	0
30133	0
30134	0
30135	0
30136	0
30137	0
30138	0
30139	0
30140	0
30141	1
30142	1
30143	1
30144	0
30145	1
30146	0
30147	0
30148	0
30149	0
30150	1
30151	0
30152	1
30153	0
30154	0
30155	0
30156	0
30157	0
30158	0
30159	0
30160	0
30161	0
30162	0
30163	1
30164	0
30165	1
30166	1
30167	0
30169	0
30170	0
30171	0
30172	0
30173	0
30174	0
30175	0
30176	1
30177	0
30178	0
30179	1
30180	0
30181	1
30182	1
30183	0
30184	0
30186	0
30187	0
30188	1
30189	1
30190	0
30191	0
30192	0
30193	0
30194	0
30195	0
30196	0
30197	0
30198	0
30199	0
30200	0
30201	1
30202	0
30203	0
30204	0
30205	0
30206	0
30207	0
30208	0
30209	0
30210	0
30211	0
30212	0
30214	0
30215	0
30216	1
30217	0
30218	0
30219	0
30220	0
30221	0
30222	0
30223	1
30224	1
30225	1
30226	1
30227	1
30228	0
30229	0
30230	0
30231	1
30232	1
30233	0
30234	0
30235	0
30236	1
30238	0
30239	0
30240	0
30241	0
30242	0
30243	0
30244	0
30245	1
30246	0
30247	0
30248	0
30249	1
30250	0
30252	1
30253	0
30254	0
30255	0
30256	0
30257	0
30258	1
30259	1
30260	0
30261	1
30262	1
30263	0
30264	1
30265	0
30266	0
30268	0
30269	1
30270	0
30271	1
30272	1
30273	0
30274	0
30275	1
30276	1
30277	1
30278	1
30279	1
30280	0
30281	0
30282	0
30283	1
30284	1
30285	1
30286	1
30287	0
30288	1
30289	0
30290	1
30291	0
30292	0
30293	0
30294	1
30295	3
30296	1
30297	0
30298	0
30299	0
30300	1
30301	1
30302	0
30303	1
30304	0
30305	0
30306	0
30307	0
30308	0
30309	0
30310	0
30311	0
30312	1
30313	0
30314	0
30315	0
30316	0
30317	0
30318	0
30319	1
30320	1
30322	0
30325	0
30326	0
30327	0
30328	3
30329	1
30330	1
30331	1
30332	0
30333	0
30334	0
30335	0
30336	0
30337	0
30338	0
30339	0
30340	0
30341	1
30342	1
30343	1
30344	1
30345	0
30346	0
30347	0
30348	0
30350	0
30351	0
30352	1
30353	1
30354	0
30355	0
30356	1
30357	0
30358	0
30359	0
30360	0
30361	0
30362	0
30363	0
30364	0
30365	0
30366	0
30367	0
30368	0
30369	0
30370	0
30371	0
30372	0
30373	0
30374	0
30375	0
30376	1
30377	3
30378	1
30379	0
30380	0
30381	1
30382	1
30383	0
30384	0
30385	1
30386	0
30387	0
30388	1
30389	1
30390	3
30391	0
30392	0
30393	1
30394	0
30395	0
30396	1
30397	1
30398	1
30399	3
30400	0
30401	1
30402	0
30403	1
30404	1
30405	1
30406	0
30407	0
30408	1
30409	0
30411	1
30412	0
30413	1
30414	1
30415	0
30416	1
30417	0
30418	1
30419	1
30420	1
30421	0
30422	0
30423	0
30424	1
30425	0
30426	3
30427	3
30428	3
30429	1
30430	0
30431	1
30432	0
30433	1
30434	0
30435	0
30436	0
30437	0
30438	0
30439	0
30440	0
30441	0
30442	0
30443	3
30444	0
30445	0
30446	0
30447	0
30448	0
30449	3
30450	0
30451	3
30452	3
30453	1
30454	0
30455	0
30456	1
30457	1
30458	0
30459	1
30460	1
30461	1
30462	3
30463	0
30464	0
30465	0
30466	0
30467	0
30468	1
30469	0
30470	0
30471	0
30472	0
30473	1
30474	1
30475	0
30476	0
30477	0
30478	1
30479	0
30480	0
30481	0
30482	0
30483	0
30484	0
30485	1
30486	1
30487	0
30488	0
30489	0
30490	0
30491	0
30492	1
30493	1
30494	0
30495	1
30496	1
30497	1
30498	1
30499	0
30500	0
30501	1
30502	1
30503	1
30504	0
30505	1
30506	1
30507	0
30508	1
30509	1
30510	1
30511	1
30512	1
30513	1
30514	0
30515	0
30516	1
30517	1
30518	1
30519	1
30520	0
30521	1
30522	1
30523	0
30524	1
30525	1
30526	1
30527	3
30528	0
30529	1
30530	1
30531	0
30532	1
30533	0
30534	0
30535	0
30536	0
30537	0
30538	0
30539	1
30540	1
30541	0
30542	0
30543	0
30544	0
30545	0
30546	0
30547	0
30548	0
30549	3
30550	1
30551	0
30552	0
30553	0
30554	0
30555	0
30556	0
30557	0
30558	0
30559	0
30560	0
30561	0
30562	0
30563	0
30564	1
30565	0
30566	0
30567	0
30568	0
30569	1
30570	0
30571	0
30572	0
30573	0
30574	0
30575	1
30576	0
30577	0
30578	1
30579	1
30580	1
30581	1
30582	1
30583	1
30584	1
30585	0
30586	1
30587	1
30588	0
30589	0
30590	1
30591	0
30592	0
30593	0
30594	0
30595	3
30596	3
30597	0
30598	0
30599	0
30600	3
30601	3
30602	3
30603	3
30604	0
30605	0
30606	0
30607	0
30608	0
30609	1
30610	1
30611	0
30613	0
30614	0
30615	0
30616	0
30617	1
30618	0
30619	0
30621	1
30622	1
30623	1
30624	1
30625	1
30626	0
30627	0
30628	0
30629	0
30630	1
30631	0
30632	0
30633	0
30634	0
30639	0
30640	0
30641	0
30642	0
30643	0
30644	0
30645	0
30646	0
30647	0
30648	0
30649	0
30650	1
30651	0
30652	0
30653	0
30654	0
30655	0
30656	1
30657	1
30658	1
30659	1
30660	1
30661	1
30662	1
30663	1
30664	1
30665	0
30666	1
30667	1
30668	1
30669	0
30670	0
30671	0
30672	1
30673	0
30674	1
30675	1
30676	0
30677	3
30678	0
30679	1
30680	1
30681	1
30682	1
30683	1
30684	0
30685	0
30686	1
30687	0
30688	1
30689	0
30690	0
30691	1
30692	1
30693	1
30694	0
30695	1
30696	0
30697	1
30698	1
30699	0
30700	0
30701	0
30702	0
30703	1
30704	0
30706	0
30707	0
30708	0
30709	0
30710	0
30711	0
30712	0
30713	0
30714	1
30715	0
30716	0
30717	0
30718	0
30719	0
30721	0
30722	0
30723	0
30724	0
30725	0
30726	0
30727	0
30728	0
30729	0
30730	0
30731	0
30732	0
30733	0
30734	0
30735	0
30736	0
30737	0
30738	0
30739	0
30740	0
30741	1
30742	0
30743	0
30744	0
30745	0
30746	0
30747	1
30748	1
30749	0
30750	0
30751	0
30752	0
30753	0
30754	0
30755	1
30756	0
30757	0
30758	0
30759	0
30760	0
30761	0
30762	1
30763	0
30764	1
30765	1
30766	1
30767	0
30768	0
30769	0
30770	1
30771	1
30772	1
30773	0
30774	1
30775	1
30776	0
30777	0
30778	1
30779	0
30780	3
30781	3
30782	3
30783	3
30784	3
30785	3
30786	3
30787	3
30788	1
30789	0
30790	1
30791	0
30792	0
30793	0
30794	3
30795	0
30796	0
30797	0
30798	1
30799	0
30800	0
30801	0
30802	1
30803	1
30804	0
30805	0
30806	1
30807	1
30808	0
30809	0
30810	1
30811	0
30812	0
30813	0
30814	0
30815	1
30816	1
30817	1
30818	1
30819	1
30820	1
30821	1
30822	1
30823	1
30824	1
30825	0
30826	0
30827	0
30828	0
30829	1
30830	1
30831	1
30832	0
30833	1
30835	0
30836	1
30837	1
30838	3
30839	1
30840	1
30841	0
30842	0
30843	0
30844	0
30845	0
30846	0
30847	0
30848	0
30849	0
30850	0
30851	0
30852	0
30853	0
30855	0
30856	0
30857	0
30858	1
30860	0
30861	1
30862	0
30863	0
30864	0
30865	0
30866	0
30867	0
30868	0
30869	0
30870	0
30871	0
30872	0
30873	0
30874	0
30875	0
30876	0
30877	0
30878	1
30879	0
30880	0
30881	1
30882	1
30883	1
30884	1
30885	0
30886	1
30887	0
30888	0
30889	0
30890	1
30891	0
30892	1
30893	1
30894	0
30895	0
30896	0
30897	0
30898	0
30899	0
30900	0
30901	1
30902	0
30903	1
30904	1
30905	1
30906	1
30907	1
30908	1
30909	1
30910	1
30911	1
30912	1
30913	1
30914	1
30915	1
30916	1
30917	0
30918	1
30919	1
30920	0
30921	0
30922	0
30924	1
30925	1
30926	1
30927	1
30928	0
30929	1
30930	1
30931	0
30932	1
30933	1
30934	0
30935	1
30936	1
30937	0
30938	1
30939	1
30940	0
30941	1
30942	1
30943	0
30944	1
30945	1
30946	1
30947	0
30948	0
30949	0
30950	0
30951	0
30952	0
30953	1
30954	1
30955	1
30956	1
30957	0
30958	0
30959	0
30960	0
30961	1
30962	1
30963	1
30964	1
30965	0
30966	1
30967	1
30968	1
30969	0
30970	0
30971	1
30972	1
30973	1
30974	1
30975	1
30976	1
30977	1
30978	1
30979	1
30980	1
30981	1
30982	1
30983	1
30984	0
30985	0
30986	1
30987	1
30988	0
30989	1
30990	0
30991	1
30992	1
30993	0
30994	0
30995	0
30996	0
30997	0
30998	1
30999	1
31000	1
31001	1
31003	1
31004	0
31005	0
31006	0
31007	1
31008	1
31009	1
31010	1
31011	1
31012	0
31013	3
31014	3
31015	0
31016	1
31017	0
31018	0
31019	0
31020	0
31021	0
31022	0
31023	0
31024	0
31025	0
31026	0
31027	0
31028	0
31029	1
31030	1
31031	0
31032	0
31033	1
31036	1
31037	0
31038	0
31039	0
31040	0
31041	0
31042	0
31043	0
31044	3
31045	0
31046	0
31047	0
31048	0
31049	0
31050	1
31051	1
31052	1
31053	1
31054	1
31055	3
31056	1
31057	0
31058	1
31059	1
31060	0
31061	1
31062	1
31063	1
31064	0
31065	0
31066	0
31067	1
31068	0
31069	1
31070	0
31071	4
31072	4
31073	4
31074	4
31075	0
31076	0
31077	0
31078	1
31079	1
31080	1
31081	0
31082	1
31083	3
31084	3
31085	0
31086	4
31087	1
31088	1
31089	1
31090	0
31091	1
31092	0
31093	4
31094	1
31095	1
31096	1
31097	0
31098	1
31099	3
31100	0
31101	1
31102	1
31103	0
31104	1
31105	0
31106	1
31107	1
31108	1
31109	1
31110	0
31111	1
31115	0
31116	0
31117	0
31118	1
31119	0
31120	0
31121	0
31122	0
31123	0
31124	0
31125	3
31126	0
31127	0
31128	0
31129	0
31130	0
31131	0
31132	0
31133	0
31134	1
31135	1
31136	0
31137	0
31138	1
31139	1
31140	0
31141	0
31142	0
31143	3
31144	0
31145	0
31146	3
31147	0
31149	0
31150	0
31151	1
31152	0
31153	1
31154	1
31155	0
31156	4
31157	0
31158	0
31159	1
31160	1
31161	1
31162	0
31163	1
31164	0
31165	0
31166	0
31167	0
31168	0
31169	0
31170	0
31171	0
31172	0
31173	0
31174	0
31175	0
31176	0
31177	0
31178	1
31179	1
31180	1
31181	0
31182	0
31183	0
31184	1
31185	0
31186	0
31187	1
31188	1
31189	0
31190	0
31191	1
31192	1
31193	1
31194	1
31195	1
31196	1
31198	1
31199	1
31200	1
31201	0
31202	1
31203	1
31204	1
31205	0
31206	1
31207	0
31208	0
31209	0
31210	1
31211	1
31212	1
31214	1
31215	1
31216	0
31217	1
31218	1
31219	1
31220	1
31221	1
31222	1
31223	1
31224	1
31225	1
31226	0
31227	0
31228	0
31229	1
31230	0
31231	0
31233	0
31234	0
31235	0
31236	0
31237	0
31238	0
31239	0
31240	1
31241	1
31242	1
31243	1
31244	4
31245	0
31246	0
31247	0
31248	0
31249	0
31250	0
31251	0
31252	0
31253	0
31254	0
31255	1
31256	0
31257	0
31258	0
31259	1
31260	1
31261	1
31262	0
31263	0
31264	1
31265	0
31266	0
31267	0
31268	1
31269	0
31271	1
31272	0
31273	0
31274	0
31276	0
31277	1
31278	0
31279	0
31280	0
31281	0
31282	0
31283	1
31284	4
31285	1
31286	4
31287	4
31288	4
31289	4
31290	3
31291	1
31292	5
31293	1
31294	0
31295	1
31296	1
31297	1
31298	1
31299	1
31300	0
31301	3
31302	0
31304	0
31305	0
31306	1
31307	0
31308	5
31309	5
31310	1
31311	3
31312	0
31313	1
31314	0
31315	0
31316	1
31317	0
31318	0
31319	0
31320	0
31321	0
31322	1
31323	0
31324	0
31325	0
31326	0
31327	0
31328	1
31329	0
31330	1
31331	0
31333	3
31334	3
31335	0
31336	1
31337	0
31338	1
31339	1
31340	1
31341	0
31342	1
31343	1
31344	1
31345	1
31346	1
31347	1
31348	1
31349	1
31350	1
31351	1
31352	1
31353	0
31354	1
31355	1
31356	0
31357	1
31358	0
31359	1
31360	1
31361	1
31362	1
31363	1
31364	0
31365	1
31366	1
31367	1
31368	1
31369	0
31370	1
31371	1
31372	1
31373	1
31374	1
31375	1
31376	1
31377	1
31378	1
31379	0
31380	1
31381	1
31382	0
31383	1
31384	1
31385	1
31386	1
31387	1
31388	0
31389	0
31390	0
31391	1
31392	1
31393	1
31394	1
31395	0
31396	0
31397	0
31398	1
31399	1
31400	0
31401	0
31402	0
31403	0
31404	0
31405	0
31406	0
31407	0
31408	0
31409	0
31411	0
31412	3
31413	0
31414	0
31415	0
31416	0
31417	1
31418	3
31419	3
31420	0
31421	0
31422	0
31423	0
31424	0
31425	0
31426	1
31427	0
31428	0
31429	0
31430	0
31431	1
31432	0
31433	0
31434	0
31435	0
31437	0
31438	0
31439	1
31440	0
31441	1
31442	1
31443	1
31444	0
31445	0
31446	0
31447	0
31448	0
31449	1
31450	1
31451	1
31452	1
31453	1
31454	1
31455	1
31456	1
31457	1
31458	0
31459	1
31460	1
31461	0
31462	0
31463	1
31464	1
31465	1
31466	1
31467	0
31468	0
31469	1
31470	1
31471	1
31472	1
31473	0
31474	1
31475	1
31476	1
31477	1
31478	1
31479	1
31480	1
31481	0
31482	0
31483	1
31484	1
31485	1
31486	1
31487	1
31488	1
31489	1
31490	1
31491	1
31492	1
31493	1
31494	1
31495	1
31496	1
31497	1
31498	1
31499	1
31500	0
31501	1
31502	1
31503	1
31504	1
31505	1
31506	1
31507	1
31508	1
31509	1
31510	1
31511	1
31512	1
31513	1
31514	1
31515	1
31516	0
31517	1
31518	0
31519	0
31520	3
31521	0
31522	0
31523	0
31524	0
31526	0
31527	1
31528	0
31529	0
31530	3
31531	1
31532	1
31533	1
31534	3
31535	3
31536	1
31537	1
31538	1
31539	1
31540	1
31541	1
31542	1
31543	1
31544	1
31545	0
31546	1
31547	1
31548	1
31549	0
31550	1
31551	0
31552	0
31553	0
31554	0
31555	0
31556	0
31557	0
31558	1
31559	1
31560	1
31561	1
31562	0
31563	0
31564	1
31565	3
31566	0
31567	0
31568	0
31569	0
31570	0
31571	0
31572	0
31573	0
31574	0
31575	0
31576	0
31577	0
31578	0
31579	0
31580	0
31581	0
31582	0
31583	0
31584	1
31585	0
31586	0
31587	5
31588	0
31589	0
31590	0
31591	0
31592	1
31593	0
31594	0
31595	0
31596	0
31597	0
31598	0
31599	1
31600	0
31601	0
31602	0
31603	0
31604	1
31605	1
31606	1
31607	1
31608	1
31609	1
31610	1
31611	1
31612	1
31613	0
31614	5
31615	1
31616	1
31617	1
31618	1
31619	1
31620	1
31621	1
31622	1
31623	1
31624	1
31625	1
31626	1
31627	1
31628	0
31629	1
31630	0
31631	1
31632	1
31633	1
31634	1
31635	0
31636	0
31637	0
31638	0
31639	1
31640	0
31641	0
31642	1
31643	0
31644	0
31645	0
31646	0
31647	0
31648	0
31649	3
31650	3
31651	3
31652	1
31653	0
31654	1
31655	1
31656	1
31657	1
31658	1
31659	1
31660	1
31661	1
31662	1
31663	1
31664	0
31665	1
31666	1
31667	1
31668	1
31669	1
31670	0
31671	0
31672	0
31673	1
31674	1
31675	1
31676	1
31677	1
31678	0
31679	1
31680	1
31681	0
31682	0
31683	0
31684	0
31685	0
31686	0
31687	0
31688	0
31689	0
31690	0
31691	0
31692	0
31693	0
31694	1
31695	1
31696	0
31697	0
31698	1
31699	0
31700	0
31701	0
31702	0
31703	0
31704	0
31705	0
31706	0
31708	0
31709	0
31710	0
31711	0
31712	0
31713	0
31714	0
31715	0
31716	0
31717	0
31718	0
31719	0
31720	0
31721	0
31722	3
31723	0
31724	0
31725	0
31726	0
31727	0
31728	0
31729	0
31730	0
31731	0
31732	0
31733	0
31734	3
31735	0
31736	0
31737	0
31738	0
31739	1
31740	0
31741	0
31742	0
31743	0
31744	0
31745	0
31746	0
31747	0
31748	0
31749	0
31750	1
31751	1
31752	0
31754	0
31755	0
31756	0
31757	0
31758	0
31759	0
31760	0
31761	0
31762	0
31763	0
31764	0
31765	0
31766	0
31767	0
31768	0
31769	0
31770	0
31773	0
31775	1
31776	0
31777	0
31778	0
31779	0
31780	0
31781	0
31782	0
31783	0
31784	0
31785	0
31786	0
31787	0
31788	0
31789	0
31790	0
31791	0
31792	0
31793	0
31794	0
31795	0
31796	0
31797	0
31798	0
31799	0
31800	0
31801	0
31802	0
31803	0
31804	0
31805	0
31806	0
31807	0
31808	1
31809	0
31810	1
31811	0
31812	0
31813	0
31814	0
31815	1
31816	0
31817	0
31818	3
31819	3
31820	3
31821	1
31822	1
31823	1
31824	1
31825	1
31826	1
31827	0
31828	1
31829	1
31830	1
31831	0
31832	0
31833	0
31834	1
31835	0
31836	0
31838	0
31839	0
31840	0
31841	1
31842	1
31843	0
31844	3
31845	0
31847	0
31848	1
31849	0
31850	0
31851	0
31852	0
31853	0
31854	0
31855	0
31856	0
31857	0
31858	0
31861	0
31862	0
31863	0
31864	0
31865	0
31866	0
31867	1
31868	1
31869	0
31871	0
31872	0
31873	0
31874	0
31875	0
31876	1
31877	0
31878	0
31879	0
31880	0
31881	1
31882	0
31883	0
31884	1
31885	0
31886	0
31887	0
31888	0
31889	0
31890	0
31891	0
31892	1
31893	0
31894	0
31895	0
31896	0
31897	0
31898	0
31899	0
31900	0
31902	1
31903	1
31904	1
31905	1
31906	1
31907	1
31908	1
31909	1
31910	1
31911	1
31912	1
31913	0
31915	0
31916	0
31917	1
31918	0
31919	0
31920	1
31921	0
31922	1
31923	1
31924	0
31925	1
31926	0
31927	0
31928	0
31929	0
31930	0
31931	1
31932	0
31933	0
31934	0
31935	0
31936	0
31937	0
31938	0
31939	0
31940	0
31941	1
31942	1
31943	1
31944	0
31945	0
31946	0
31947	0
31948	0
31949	0
31950	0
31951	0
31952	1
31953	1
31954	1
31955	1
31956	1
31957	1
31958	1
31959	1
31960	1
31961	1
31962	1
31963	0
31964	1
31965	1
31966	1
31967	1
31968	1
31969	1
31970	1
31971	1
31972	1
31973	1
31974	2
31975	0
31976	1
31977	0
31978	0
31979	0
31980	1
31981	0
31982	0
31983	0
31984	1
31985	1
31986	0
31987	1
31988	1
31989	1
31990	1
31991	1
31992	0
31993	1
31994	1
31995	0
31996	1
31997	0
31998	2
31999	0
32000	0
32001	1
32002	1
32003	0
32004	1
32005	1
32006	1
32007	1
32008	1
32009	1
32010	1
32011	1
32012	0
32013	1
32014	0
32015	0
32016	0
32017	0
32018	0
32019	0
32020	0
32021	0
32022	1
32023	1
32024	0
32025	1
32026	0
32027	1
32028	0
32029	0
32030	1
32031	1
32032	1
32033	1
32034	1
32035	1
32036	1
32037	1
32038	1
32039	1
32040	1
32041	1
32042	1
32043	0
32044	1
32045	0
32046	1
32047	1
32048	1
32049	0
32050	1
32051	0
32052	0
32053	0
32054	2
32055	1
32056	1
32057	0
32058	0
32059	0
32060	0
32061	1
32062	0
32063	0
32064	0
32065	0
32066	0
32067	0
32068	0
32069	0
32070	0
32071	1
32072	1
32073	1
32074	0
32075	0
32076	1
32077	0
32078	0
32079	1
32080	1
32081	0
32082	0
32083	0
32084	0
32085	0
32086	1
32087	1
32088	1
32089	0
32090	1
32091	0
32092	0
32093	1
32094	0
32095	0
32096	1
32097	0
32098	0
32099	0
32100	1
32101	1
32102	1
32103	1
32104	1
32105	1
32106	0
32107	1
32108	1
32109	1
32110	0
32111	2
32112	1
32113	1
32114	1
32115	1
32116	1
32117	1
32118	1
32119	0
32120	2
32121	0
32122	0
32123	0
32124	0
32125	0
32126	0
32127	0
32128	0
32129	0
32130	0
32131	0
32132	0
32133	0
32134	0
32135	0
32136	1
32137	0
32138	1
32139	0
32140	0
32141	0
32142	0
32143	0
32144	0
32145	0
32146	0
32147	0
32148	0
32149	0
32150	0
32151	1
32152	0
32153	1
32154	0
32155	0
32156	1
32157	1
32158	0
32159	1
32160	3
32161	0
32162	1
32163	1
32164	0
32165	1
32166	1
32167	0
32168	0
32169	1
32170	1
32171	0
32172	0
32173	1
32174	1
32175	1
32176	1
32178	1
32179	1
32180	1
32181	0
32182	1
32183	1
32184	3
32185	1
32186	1
32187	1
32188	0
32189	0
32190	0
32191	1
32192	1
32193	0
32194	0
32195	0
32196	0
32197	0
32198	0
32199	0
32200	0
32201	0
32202	0
32203	0
32204	1
32205	0
32206	0
32207	0
32208	0
32209	1
32212	0
32213	0
32214	0
32215	0
32216	0
32217	0
32218	0
32221	0
32222	0
32223	0
32224	0
32225	1
32226	1
32227	1
32228	1
32229	0
32230	1
32231	1
32232	0
32233	0
32234	1
32235	1
32236	0
32237	1
32238	0
32239	3
32241	0
32242	0
32244	0
32245	0
32246	0
32247	0
32248	0
32249	0
32250	0
32251	0
32252	0
32253	0
32254	0
32255	0
32256	0
32257	0
32258	0
32259	0
32260	0
32261	0
32262	0
32263	0
32264	0
32265	0
32266	0
32267	0
32268	0
32269	1
32270	1
32271	1
32272	1
32273	1
32274	0
32275	0
32276	0
32277	1
32278	1
32279	0
32280	1
32281	0
32282	0
32283	0
32284	0
32285	0
32286	0
32287	0
32288	0
32289	0
32290	0
32291	0
32292	0
32293	0
32294	0
32295	3
32296	0
32297	0
32298	0
32299	1
32300	1
32301	1
32302	1
32303	3
32304	0
32305	0
32306	0
32307	1
32308	1
32309	1
32310	1
32311	1
32312	3
32313	1
32314	0
32315	3
32316	0
32317	0
32318	0
32319	0
32320	0
32321	0
32322	0
32323	0
32324	0
32325	0
32326	1
32327	0
32328	0
32329	0
32330	0
32331	0
32332	0
32333	0
32334	0
32335	0
32336	0
32337	0
32338	4
32339	0
32340	0
32341	0
32342	0
32343	0
32344	0
32345	0
32346	3
32347	0
32348	0
32349	0
32350	0
32352	1
32353	1
32354	0
32355	0
32356	0
32357	2
32358	2
32359	0
32360	0
32361	4
32362	0
32363	3
32364	3
32365	3
32366	0
32367	1
32368	1
32369	1
32370	1
32371	1
32372	1
32373	1
32374	1
32375	1
32376	1
32377	2
32378	1
32379	0
32380	0
32381	0
32382	0
32383	0
32384	0
32385	1
32386	2
32387	1
32388	0
32389	0
32390	1
32391	1
32392	0
32393	1
32394	0
32395	0
32396	0
32397	0
32398	2
32399	0
32400	2
32401	3
32402	3
32403	0
32404	0
32405	0
32406	1
32407	0
32408	0
32409	2
32410	0
32411	0
32412	0
32413	0
32414	0
32415	0
32416	0
32417	2
32418	0
32419	0
32420	0
32421	0
32422	2
32423	0
32424	0
32425	0
32426	0
32427	0
32428	0
32429	2
32430	0
32431	0
32432	0
32433	0
32434	0
32435	4
32436	0
32437	0
32438	2
32439	0
32440	0
32441	0
32442	0
32443	3
32444	0
32445	0
32446	3
32447	2
32448	0
32449	0
32450	0
32451	0
32452	0
32453	0
32454	0
32465	0
32466	0
32467	1
32468	0
32469	0
32470	0
32471	2
32472	0
32473	0
32474	0
32475	2
32476	1
32477	1
32478	1
32479	1
32480	1
32481	2
32482	1
32483	3
32484	0
32485	2
32486	1
32487	2
32488	0
32490	0
32491	2
32492	1
32493	0
32494	0
32495	2
32496	0
32497	0
32498	0
32499	0
32500	2
32501	2
32502	0
32503	0
32504	0
32505	0
32507	0
32508	0
32509	0
32510	1
32511	3
32512	0
32513	0
32514	0
32515	0
32516	0
32517	2
32518	3
32519	0
32520	0
32521	3
32522	0
32523	1
32524	1
32525	0
32526	0
32527	0
32528	0
32529	0
32530	0
32531	0
32532	0
32533	0
32534	1
32535	0
32536	0
32537	0
32538	0
32540	1
32541	0
32542	0
32543	0
32544	0
32545	0
32546	0
32547	3
32548	1
32549	1
32550	1
32551	1
32552	1
32553	1
32554	1
32555	1
32556	0
32557	0
32558	0
32559	0
32560	0
32561	0
32562	1
32563	0
32564	0
32565	0
32566	0
32567	0
32568	0
32569	0
32570	0
32571	1
32572	0
32573	1
32574	0
32575	0
32576	0
32577	0
32578	0
32579	0
32580	0
32582	1
32583	1
32584	0
32585	0
32586	0
32587	3
32588	3
32589	0
32590	0
32591	0
32592	0
32593	5
32594	1
32595	0
32596	0
32597	0
32598	0
32599	1
32600	0
32601	0
32602	0
32603	0
32604	0
32606	0
32607	0
32608	0
32609	1
32615	1
32616	0
32617	0
32618	0
32619	0
32620	0
32621	0
32622	0
32623	0
32624	0
32625	0
32626	1
32627	0
32629	0
32630	2
32631	0
32632	0
32633	0
32634	0
32635	0
32636	0
32637	0
32638	0
32639	0
32640	0
32641	0
32642	0
32643	0
32647	0
32648	0
32649	0
32650	0
32651	0
32652	0
32653	0
32654	0
32655	0
32656	0
32657	0
32658	0
32659	0
32660	0
32661	0
32662	0
32663	0
32664	0
32665	0
32666	0
32667	0
32668	0
32669	0
32675	0
32676	0
32677	0
32678	0
32679	0
32680	0
32681	0
32682	0
32683	0
32684	0
32685	0
32686	0
32687	0
32688	0
32689	0
32690	0
32691	0
32692	0
32693	0
32694	1
32695	0
32697	0
32700	0
32702	0
32704	0
32706	0
32708	0
32709	0
32710	0
32711	0
32712	0
32713	0
32714	0
32715	0
32716	0
32717	0
32718	0
32719	0
32720	0
32721	0
32722	1
32723	0
32724	1
32725	0
32726	0
32727	0
32728	0
32729	0
32730	0
32731	0
32732	0
32733	0
32734	0
32735	0
32736	0
32737	0
32738	0
32739	0
32740	0
32741	0
32742	0
32743	0
32744	0
32745	0
32746	0
32747	0
32748	0
32749	0
32751	0
32752	0
32753	0
32754	0
32755	0
32756	0
32757	0
32758	0
32759	0
32760	0
32761	0
32762	0
32763	0
32764	0
32765	0
32766	1
32767	0
32768	0
32769	0
32770	1
32771	1
32772	1
32773	0
32774	0
32775	0
32776	0
32777	1
32778	5
32779	0
32780	0
32781	0
32782	0
32784	0
32785	0
32786	0
32787	0
32788	0
32789	0
32790	0
32791	0
32793	0
32794	0
32795	1
32796	0
32797	3
32798	0
32799	0
32800	0
32801	0
32802	0
32803	0
32804	0
32805	0
32806	0
32807	0
32808	0
32809	0
32810	0
32811	0
32812	0
32813	0
32814	0
32815	0
32816	0
32818	0
32819	0
32820	0
32821	0
32822	0
32823	0
32824	0
32825	0
32826	0
32827	0
32828	0
32829	0
32830	0
32831	0
32832	0
32833	0
32834	0
32835	0
32836	0
32837	0
32838	0
32839	0
32840	0
32841	0
32842	0
32843	0
32844	0
32845	3
32846	3
32847	0
32848	0
32849	0
32853	3
32854	0
32857	3
32865	3
32866	1
32867	3
32870	1
32871	3
32872	1
32873	1
32874	1
32875	1
32876	1
32877	1
32878	1
32879	1
32882	1
32883	1
32885	1
32886	1
32887	0
32892	1
32893	1
32897	1
32898	0
32900	1
32901	1
32904	0
32905	0
32906	3
32907	1
32908	1
32913	3
32914	3
32915	3
32916	1
32918	1
32919	1
32922	1
32923	0
32924	1
32925	1
32926	0
32927	3
32930	3
32931	0
32933	3
32934	3
32938	0
32939	0
32941	1
32942	0
32944	0
32946	1
32948	1
32950	1
32953	1
32954	0
32955	1
32956	0
32957	1
32958	0
32980	0
32981	0
32983	0
32984	0
33005	0
33006	0
33007	0
33008	0
33010	0
33011	0
33014	0
33016	0
33017	0
33018	0
33019	0
33025	0
33026	0
33027	0
33029	0
33030	0
33031	0
33032	0
33045	0
33049	0
33050	0
33051	0
33052	1
33054	1
33059	0
33060	0
33061	0
33062	0
33063	0
33064	1
33067	0
33068	0
33069	1
33070	3
33073	0
33080	0
33081	0
33086	1
33087	0
33088	0
33089	1
33090	0
33104	1
33105	1
33108	0
33109	0
33110	1
33113	3
33114	0
33116	1
33118	3
33121	1
33122	0
33123	0
33125	1
33128	0
33129	0
33130	0
33134	3
33135	0
33136	1
33137	0
33138	0
33139	3
33140	1
33141	1
33142	0
33143	0
33146	0
33147	3
33148	1
33149	1
33150	1
33151	1
33152	1
33153	1
33154	1
33155	1
33156	1
33157	0
33158	1
33159	1
33160	1
33161	1
33162	1
33163	1
33164	1
33167	0
33168	0
33169	0
33170	0
33173	0
33174	0
33184	0
33185	0
33186	3
33188	0
33189	0
33190	3
33191	1
33192	0
33194	0
33196	3
33197	0
33198	0
33199	0
33200	0
33202	1
33203	1
33205	0
33210	1
33211	0
33212	0
33213	3
33214	0
33215	0
33216	0
33217	0
33218	0
33219	0
33220	1
33221	0
33222	0
33223	0
33224	0
33225	0
33226	0
33227	0
33228	1
33229	0
33233	1
33234	3
33235	1
33236	0
33237	1
33238	0
33239	0
33240	0
33241	3
33242	3
33243	0
33244	3
33245	1
33246	1
33248	0
33251	0
33252	0
33255	1
33259	1
33264	3
33271	3
33272	0
33273	1
33274	0
33280	1
33282	1
33285	0
33286	0
33287	1
33288	3
33289	0
33290	0
33291	0
33292	0
33293	3
33297	0
33298	0
33299	0
33300	0
33301	0
33303	0
33305	0
33306	0
33307	0
33308	0
33309	0
33310	0
33312	0
33314	0
33315	0
33316	0
33317	0
33318	0
33319	0
33320	0
33321	0
33322	0
33323	0
33324	0
33325	1
33326	1
33327	1
33328	1
33329	3
33330	1
33331	1
33332	1
33333	1
33335	0
33337	0
33339	0
33340	0
33341	0
33342	0
33343	0
33344	1
33346	0
33350	3
33351	3
33352	0
33353	0
33354	1
33355	1
33357	0
33360	3
33361	0
33364	0
33365	0
33366	0
33367	0
33369	0
33370	0
33372	0
33373	0
33376	1
33377	0
33378	1
33379	0
33380	0
33382	0
33383	0
33384	0
33385	1
33387	1
33388	1
33391	3
33392	3
33393	3
33395	0
33396	0
33397	0
33398	1
33399	1
33400	1
33401	1
33402	0
33403	0
33404	0
33405	0
33406	0
33408	0
33409	0
33410	3
33411	3
33412	3
33413	3
33414	0
33415	0
33416	0
33417	0
33418	0
33422	0
33425	1
33426	1
33429	1
33430	1
33431	1
33432	3
33433	0
33434	0
33435	0
33436	1
33437	3
33438	0
33439	0
33441	3
33442	1
33447	0
33448	0
33449	3
33450	0
33453	1
33455	0
33457	0
33459	0
33460	0
33461	0
33462	0
33463	0
33464	0
33465	0
33466	0
33467	0
33468	0
33469	0
33470	0
33471	0
33472	0
33473	0
33474	0
33475	0
33476	0
33477	0
33478	0
33479	0
33480	0
33481	0
33482	0
33488	0
33489	0
33490	0
33491	0
33492	0
33493	0
33495	0
33498	0
33499	0
33500	1
33501	0
33502	0
33503	1
33504	0
33505	0
33506	0
33508	0
33510	0
33511	0
33513	0
33515	3
33516	1
33517	0
33518	0
33519	0
33520	0
33521	0
33522	0
33523	3
33524	3
33525	1
33526	1
33527	1
33528	1
33529	0
33530	0
33531	1
33532	0
33533	0
33535	3
33536	0
33537	0
33538	0
33539	0
33540	0
33541	0
33542	0
33543	0
33544	0
33545	0
33546	0
33547	0
33548	0
33549	0
33550	1
33551	0
33552	0
33553	0
33554	0
33555	0
33556	0
33557	0
33558	0
33559	0
33560	0
33561	0
33562	0
33563	0
33564	0
33565	0
33566	0
33567	1
33568	0
33570	0
33571	0
33572	0
33575	0
33576	0
33578	0
33579	1
33580	0
33581	0
33583	0
33586	0
33587	0
33588	0
33589	0
33590	0
33591	0
33592	0
33593	0
33594	0
33595	0
33596	0
33597	0
33598	0
33599	0
33600	0
33601	0
33602	0
33603	0
33608	0
33609	0
33610	0
33611	0
33612	0
33613	0
33614	0
33615	0
33616	0
33617	0
33618	0
33619	0
33620	1
33621	0
33622	1
33623	0
33624	1
33625	0
33626	0
33627	0
33628	3
33629	1
33630	0
33631	0
33632	0
33633	0
33634	0
33635	0
33636	0
33637	0
33638	0
33639	0
33640	0
33641	0
33642	0
33643	0
33644	0
33645	0
33646	0
33647	0
33648	0
33649	0
33650	0
33651	3
33652	0
33653	0
33654	0
33655	0
33656	0
33657	0
33658	0
33659	0
33660	0
33661	0
33662	0
33663	3
33664	3
33665	0
33666	0
33667	3
33668	3
33669	0
33670	3
33671	0
33672	0
33673	0
33674	0
33675	0
33676	0
33677	0
33678	0
33679	0
33680	0
33681	0
33682	0
33683	0
33684	0
33685	0
33686	0
33687	1
33689	0
33690	1
33691	0
33692	3
33693	3
33694	3
33695	1
33696	1
33698	1
33699	1
33700	1
33701	0
33704	0
33705	0
33707	0
33708	0
33710	0
33711	0
33712	0
33713	0
33715	0
33716	1
33717	1
33718	1
33719	1
33720	1
33721	0
33722	1
33723	1
33724	3
33725	1
33729	1
33730	1
33731	1
33732	1
33733	1
33734	1
33735	1
33737	1
33738	0
33739	0
33740	0
33741	1
33742	0
33743	0
33744	0
33745	0
33746	0
33747	0
33748	0
33749	0
33750	0
33751	0
33752	0
33753	0
33754	1
33755	1
33756	0
33757	1
33758	1
33759	0
33761	1
33762	0
33763	0
33764	0
33768	1
33769	0
33770	0
33771	0
33772	1
33773	1
33774	1
33775	1
33776	2
33778	0
33779	0
33780	1
33782	0
33783	0
33784	0
33785	0
33787	0
33788	0
33789	0
33790	0
33791	0
33792	0
33793	0
33794	0
33795	0
33796	0
33798	0
33799	0
33800	0
33802	0
33805	1
33806	1
33809	0
33810	0
33815	1
33816	1
33817	1
33818	1
33819	1
33820	1
33822	1
33823	1
33824	1
33827	1
33828	1
33829	1
33830	1
33831	1
33832	1
33835	0
33836	1
33838	0
33839	0
33840	0
33841	0
33842	0
33843	0
33844	0
33845	0
33846	1
33848	0
33849	0
33850	1
33851	1
33852	1
33853	0
33854	1
33855	1
33856	0
33857	0
33861	1
33862	3
33863	0
33865	0
33866	0
33867	0
33868	0
33869	0
33870	0
33871	0
33872	0
33874	0
33876	1
33877	1
33878	1
33879	1
33880	1
33881	0
33882	0
33883	3
33885	3
33886	0
33887	0
33888	1
33890	3
33892	1
33904	1
33906	0
33907	0
33908	1
33909	3
33910	3
33911	3
33915	0
33916	0
33917	0
33918	0
33919	0
33920	0
33921	0
33922	0
33923	0
33924	0
33925	0
33926	0
33927	0
33928	0
33929	0
33930	0
33931	0
33932	0
33933	0
33934	0
33935	0
33936	0
33937	0
33938	0
33939	0
33940	0
33941	0
33942	0
33943	1
33946	0
33947	0
33949	0
33950	0
33951	0
33952	0
33953	0
33954	3
33955	3
33956	1
33957	1
33958	0
33959	1
33962	1
33963	0
33964	0
33966	1
33967	1
33968	1
33970	0
33971	0
33972	0
33973	0
33974	0
33975	0
33983	1
33984	1
33985	1
33986	1
33988	1
33989	1
33990	0
33991	0
33992	0
33993	3
33994	3
33995	3
33996	0
33998	1
33999	1
34000	0
34001	0
34002	1
34003	3
34004	1
34005	1
34011	1
34014	3
34015	1
34016	1
34017	0
34018	0
34019	0
34021	0
34022	0
34024	0
34025	0
34026	0
34027	0
34028	0
34029	0
34031	5
34032	1
34034	0
34035	3
34036	0
34037	0
34038	0
34039	0
34040	0
34042	0
34043	0
34044	1
34045	0
34047	0
34049	1
34050	0
34054	1
34055	0
34057	1
34058	0
34059	1
34060	1
34061	0
34062	0
34063	0
34064	1
34068	0
34069	1
34070	1
34071	3
34072	0
34073	0
34074	0
34075	0
34076	0
34077	0
34078	0
34079	0
34080	0
34081	0
34082	0
34083	0
34084	0
34085	1
34086	1
34087	0
34088	0
34089	0
34090	0
34091	0
34092	0
34093	0
34094	0
34095	0
34096	0
34097	1
34098	0
34099	1
34100	1
34102	1
34104	0
34105	1
34106	3
34107	0
34108	3
34109	3
34110	0
34111	3
34112	1
34113	0
34114	1
34115	1
34116	1
34119	1
34120	0
34121	1
34125	1
34127	1
34128	0
34129	0
34131	1
34133	1
34134	1
34135	1
34137	1
34139	1
34140	1
34141	1
34142	1
34143	0
34144	1
34145	1
34146	0
34147	0
34148	0
34149	1
34150	0
34151	0
34152	3
34153	0
34154	0
34155	0
34156	0
34157	0
34158	0
34159	0
34161	1
34162	1
34164	1
34165	1
34166	3
34168	0
34169	0
34170	0
34171	3
34172	0
34173	0
34174	0
34175	3
34178	0
34179	1
34180	0
34181	0
34183	1
34184	1
34185	1
34186	1
34187	0
34188	1
34189	1
34190	1
34191	1
34192	1
34193	1
34194	0
34196	1
34197	1
34198	1
34199	1
34200	1
34201	1
34202	1
34203	0
34210	0
34211	1
34213	0
34214	1
34215	1
34216	1
34217	1
34218	1
34219	1
34220	1
34221	1
34222	1
34223	1
34224	1
34225	0
34226	1
34227	0
34228	0
34229	1
34230	1
34234	1
34235	1
34236	1
34237	1
34238	0
34244	0
34245	1
34246	0
34247	0
34250	1
34252	0
34254	1
34255	1
34256	1
34257	1
34264	0
34265	0
34266	0
34267	1
34268	1
34269	1
34270	1
34271	1
34272	1
34273	1
34274	1
34275	1
34276	1
34277	1
34279	0
34281	0
34286	0
34288	0
34291	0
34296	1
34297	3
34298	3
34300	0
34307	0
34310	1
34313	3
34319	0
34320	0
34327	0
34330	0
34332	3
34336	0
34337	0
34338	0
34360	0
34361	1
34362	0
34363	1
34364	0
34365	0
34381	0
34382	0
34383	0
34386	0
34387	0
34393	0
34425	0
34428	0
34434	1
34435	0
34436	0
34437	1
34441	3
34442	3
34443	3
34444	3
34445	3
34447	3
34448	3
34449	3
34450	3
34451	3
34453	3
34454	3
34455	3
34456	3
34458	3
34459	3
34460	3
34461	3
34463	3
34465	3
34466	3
34467	3
34468	3
34469	3
34470	3
34471	3
34472	3
34473	3
34474	3
34475	3
34476	0
34477	0
34478	0
34479	0
34480	0
34481	0
34482	0
34483	0
34484	0
34489	0
34490	0
34496	3
34497	3
34505	1
34515	3
34519	0
34520	0
34526	0
34528	0
34531	0
34532	0
34533	0
34548	0
34549	0
34550	0
34551	0
34552	0
34553	0
34554	0
34555	0
34556	0
34557	0
34558	0
34561	0
34562	0
34564	3
34565	0
34566	3
34567	3
34568	3
34579	0
34580	0
34581	0
34587	0
34588	0
34589	0
34605	0
34606	0
34607	1
34612	0
34628	1
34630	1
34632	0
34644	0
34645	0
34648	1
34649	0
34650	0
34653	0
34654	0
34655	0
34657	1
34658	0
34660	3
34675	0
34676	0
34677	0
34678	0
34679	0
34681	0
34682	0
34683	0
34684	0
34685	0
34686	0
34687	0
34694	0
34701	1
34702	1
34703	1
34704	0
34705	1
34708	0
34709	0
34710	0
34711	0
34712	0
34713	0
34714	0
34715	0
34716	0
34717	0
34718	0
34719	0
34720	0
34721	0
34723	0
34724	0
34728	0
34730	0
34731	0
34732	0
34734	0
34735	0
34737	0
34738	0
34739	0
34740	0
34741	0
34743	0
34744	0
34755	0
34765	0
34766	0
34768	0
34770	0
34771	0
34772	0
34775	0
34776	0
34777	0
34778	0
34780	3
34781	0
34783	0
34784	0
34785	0
34786	0
34787	0
34788	0
34789	0
34793	0
34794	0
34796	3
34797	3
34798	3
34799	3
34800	1
34801	0
34802	0
34806	0
34808	0
34810	0
34812	0
34813	0
34815	1
34816	1
34819	0
34822	0
34823	0
34824	0
34825	0
34826	1
34827	1
34838	0
34839	0
34847	1
34852	0
34854	3
34856	0
34857	0
34858	0
34859	0
34860	0
34861	0
34862	0
34868	0
34869	0
34870	0
34871	0
34875	1
34879	0
34880	0
34881	0
34882	0
34883	0
34885	0
34887	0
34888	0
34889	0
34891	0
34893	0
34895	1
34899	0
34900	0
34901	0
34902	0
34903	0
34904	0
34905	0
34906	0
34907	0
34908	0
34909	0
34910	0
34912	0
34914	0
34915	0
34918	0
34919	0
34920	0
34921	0
34922	1
34924	1
34925	1
34928	1
34929	1
34930	0
34935	1
34942	1
34944	1
34947	0
34948	0
34949	0
34950	0
34951	0
34952	0
34953	0
34955	1
34956	0
34960	0
34965	0
34966	0
34970	0
34971	1
34972	1
34973	1
34974	0
34975	0
34976	1
34977	0
34978	1
34979	0
34980	0
34983	1
34984	0
34985	1
34986	1
34987	1
34988	1
34989	1
34990	3
34991	1
34992	3
34993	1
34994	3
34995	3
34996	1
34997	1
34998	1
34999	1
35000	1
35001	1
35002	1
35003	0
35004	0
35005	0
35007	1
35008	1
35009	0
35012	0
35013	3
35014	0
35015	0
35016	0
35017	1
35018	0
35019	1
35020	1
35021	1
35022	1
35023	1
35024	1
35025	1
35026	1
35027	1
35028	1
35029	1
35030	1
35031	1
35032	1
35033	1
35034	1
35035	1
35036	1
35037	1
35038	1
35039	1
35040	1
35041	1
35042	1
35043	1
35044	1
35045	1
35046	1
35047	1
35048	1
35049	1
35050	1
35051	1
35052	1
35055	0
35060	0
35061	0
35062	0
35066	0
35067	0
35068	0
35069	0
35070	0
35071	0
35072	0
35073	0
35074	4
35079	0
35080	0
35083	0
35084	0
35085	0
35086	0
35087	0
35088	0
35089	0
35090	0
35091	0
35092	0
35093	0
35094	0
35097	0
35098	0
35099	0
35100	0
35101	0
35102	0
35104	0
35105	0
35106	0
35107	1
35108	1
35109	1
35110	1
35113	0
35116	0
35117	0
35119	1
35127	0
35131	0
35132	0
35133	0
35135	0
35143	1
35144	3
35145	3
35146	0
35147	0
35148	0
35155	0
35156	0
35157	0
35168	0
35169	0
35176	0
35179	0
35180	0
35189	2
35216	3
35226	0
35227	0
35228	0
35242	0
35243	0
35244	0
35246	0
35247	0
35248	0
35249	0
35250	0
35251	0
35252	0
35253	0
35254	0
35255	0
35256	0
35258	0
35259	0
35260	0
35261	0
35262	1
35263	1
35264	1
35265	0
35266	0
35267	0
35268	3
35269	3
35270	1
35271	1
35272	1
35273	0
35278	0
35279	0
35280	0
35281	0
35285	0
35290	0
35291	0
35292	0
35293	0
35297	0
35299	0
35305	1
35306	1
35307	1
35308	1
35309	1
35310	1
35311	0
35314	1
35318	0
35319	0
35320	1
35321	3
35322	1
35323	1
35324	0
35325	1
35326	1
35327	1
35328	1
35329	1
35330	1
35331	1
35332	1
35335	0
35336	0
35337	0
35338	0
35339	0
35340	0
35341	0
35342	0
35343	0
35344	0
35345	0
35346	0
35347	3
35348	3
35349	3
35350	3
35351	3
35352	3
35353	1
35354	1
35355	1
35356	1
35357	1
35358	1
35359	1
35360	3
35361	3
35362	0
35364	0
35365	0
35368	3
35372	3
35373	0
35376	0
35377	0
35379	0
35380	0
35387	0
35394	0
35395	0
35396	0
35397	0
35398	0
35399	0
35400	0
35401	0
35403	1
35405	1
35407	0
35410	1
35413	0
35415	0
35417	0
35419	0
35421	0
35423	0
35425	0
35427	1
35429	1
35431	0
35433	0
35436	0
35438	3
35439	3
35440	3
35441	1
35442	1
35443	1
35444	0
35445	0
35447	3
35448	3
35449	3
35451	1
35458	1
35459	3
35460	1
35461	1
35462	0
35465	0
35467	0
35468	0
35469	3
35470	3
35471	0
35472	0
35473	1
35474	1
35475	0
35476	1
35477	0
35482	1
35483	0
35490	1
35491	1
35492	0
35493	1
35494	0
35495	0
35496	0
35497	0
35498	0
35499	0
35500	0
35501	0
35507	0
35508	0
35511	3
35512	3
35513	3
35514	3
35515	3
35516	3
35517	1
35518	1
35519	1
35520	1
35521	1
35522	1
35523	1
35524	1
35525	1
35527	1
35528	1
35529	1
35530	1
35531	1
35532	1
35533	1
35534	1
35535	1
35536	1
35537	1
35538	1
35539	1
35540	1
35541	1
35542	1
35543	1
35544	1
35545	0
35546	0
35547	1
35557	1
35559	1
35560	1
35564	0
35568	0
35569	1
35570	1
35571	1
35572	1
35573	0
35574	0
35575	0
35576	0
35577	0
35578	0
35579	0
35580	0
35586	0
35587	1
35588	1
35589	0
35590	0
35594	0
35596	1
35597	1
35598	1
35599	1
35600	1
35601	1
35602	1
35603	1
35604	0
35607	0
35608	0
35610	0
35611	1
35612	1
35614	0
35615	3
35616	3
35617	1
35633	0
35634	0
35635	0
35636	0
35637	0
35638	0
35640	0
35641	0
35642	0
35644	0
35646	0
35651	0
35652	3
35653	3
35654	3
35655	1
35656	1
35658	0
35659	0
35662	3
35663	3
35664	3
35665	3
35666	3
35667	3
35668	3
35669	3
35670	3
35671	3
35672	3
35673	3
35674	3
35675	3
35676	3
35680	3
35681	3
35682	3
35683	3
35684	3
35685	3
35686	3
35687	3
35688	3
35689	3
35690	3
35691	3
35692	3
35693	3
35694	3
35695	3
35696	3
35697	3
35699	3
35700	3
35701	3
35702	3
35703	3
35704	3
35705	3
35706	3
35707	3
35708	3
35709	3
35710	3
35711	3
35712	3
35713	3
35714	3
35715	3
35716	3
35717	0
35718	3
35719	3
35720	3
35721	3
35722	3
35723	3
35724	3
35725	3
35726	3
35728	3
35729	3
35730	3
35731	3
35732	3
35733	3
35734	3
35735	3
35736	3
35737	3
35738	3
35739	3
35740	3
35741	3
35742	3
35743	3
35744	3
35745	3
35746	3
35747	3
35748	3
35749	3
35763	0
35766	1
35768	0
35770	1
35771	1
35774	0
35775	0
35776	0
35790	0
35808	0
35809	0
35819	1
35820	0
35821	0
35826	0
35876	0
35877	3
35878	0
35895	1
35909	1
35910	1
35983	1
35984	1
36021	0
36024	0
36064	1
36065	3
36066	3
36067	1
36069	0
36070	0
36071	0
36072	0
36074	0
36075	0
36076	0
36082	1
36083	0
36084	0
36085	0
36086	1
36087	0
36088	0
36089	0
36090	0
36091	1
36093	0
36095	3
36097	0
36099	0
36101	0
36102	0
36108	3
36109	3
36114	3
36116	3
36118	3
36119	3
36120	3
36121	3
36122	3
36124	3
36128	1
36135	0
36148	0
36151	0
36152	0
36154	0
36155	0
36162	0
36164	1
36165	0
36166	1
36167	0
36168	1
36169	0
36171	0
36173	0
36189	0
36208	0
36209	0
36212	0
36213	0
36215	0
36217	0
36223	0
36224	1
36225	1
36226	1
36235	0
36272	1
36273	1
36284	0
36296	1
36301	0
36302	0
36303	0
36349	0
36350	0
36351	0
36352	0
36355	0
36356	0
36357	0
36358	0
36359	0
36360	0
36380	0
36390	0
36431	0
36473	0
36474	0
36475	0
36476	1
36477	1
36478	1
36479	0
36481	0
36482	0
36483	0
36484	0
36494	1
36495	0
36497	1
36498	1
36499	1
36502	1
36503	1
36504	1
36506	0
36508	0
36510	0
36511	0
36516	1
36517	1
36522	1
36530	0
36532	0
36533	0
36535	1
36536	0
36537	0
36538	3
36542	0
36543	0
36544	0
36545	0
36546	0
36547	0
36549	0
36550	0
36551	0
36553	0
36554	0
36556	0
36557	0
36558	0
36559	0
36561	1
36564	1
36565	1
36566	0
36568	0
36571	1
36572	1
36573	1
36574	1
36595	0
36597	3
36598	3
36605	0
36607	0
36609	3
36610	0
36612	3
36617	1
36619	1
36620	1
36624	0
36626	3
36627	3
36633	3
36642	0
36643	0
36644	0
36648	3
36656	0
36657	0
36658	1
36659	0
36661	1
36666	1
36669	0
36670	0
36672	0
36677	0
36678	3
36679	1
36701	3
36710	0
36715	0
36723	1
36724	1
36725	1
36726	0
36731	3
36736	0
36737	0
36757	1
36763	1
36764	1
36765	1
36766	1
36767	1
36769	1
36770	1
36771	1
36772	1
36773	1
36774	0
36776	0
36778	0
36788	1
36789	3
36791	1
36792	1
36794	1
36795	1
36796	0
36804	0
36805	1
36807	1
36808	1
36811	1
36812	0
36817	0
36823	1
36824	1
36829	1
36830	1
36837	0
36838	0
36839	0
36840	1
36841	1
36842	1
36844	1
36847	0
36848	0
36851	0
36853	3
36855	3
36856	0
36857	0
36858	0
36859	0
36860	0
36861	0
36862	0
36863	0
36864	0
36865	0
36866	0
36867	0
36871	0
36874	1
36875	0
36877	1
36879	1
36880	1
36881	0
36885	0
36886	1
36888	0
36889	0
36891	1
36892	1
36893	1
36896	1
36897	1
36899	1
36904	0
36907	0
36908	0
36909	0
36910	0
36911	0
36912	0
36913	1
36916	0
36923	3
36934	0
36938	1
36939	3
36940	0
36941	1
36944	0
36945	0
36946	0
36947	0
36948	3
36949	0
36950	1
36954	3
36955	1
36957	1
36960	1
36961	1
36963	0
36964	0
36965	0
36966	0
36967	0
36968	1
36969	1
36970	0
36971	0
36977	0
36978	1
36979	0
36980	0
36982	1
36983	0
36990	3
36991	0
36993	1
36998	1
37000	0
37003	1
37004	1
37006	0
37007	1
37011	1
37012	1
37013	0
37014	0
37016	1
37017	1
37021	1
37022	1
37023	1
37025	1
37026	1
37027	1
37028	1
37029	1
37030	1
37031	1
37032	1
37033	1
37034	1
37035	1
37036	1
37037	3
37038	1
37039	0
37041	0
37044	0
37063	0
37068	1
37069	1
37071	0
37072	0
37074	0
37094	0
37098	1
37100	1
37101	1
37107	1
37116	1
37117	1
37118	0
37119	3
37120	3
37122	1
37123	1
37124	1
37125	1
37126	1
37127	1
37128	1
37129	1
37130	1
37131	1
37132	1
37133	1
37134	1
37144	1
37146	1
37148	1
37149	1
37158	1
37168	0
37172	0
37181	0
37182	1
37183	3
37184	1
37186	0
37187	3
37188	3
37189	1
37190	1
37191	0
37192	0
37193	3
37194	3
37200	3
37201	0
37202	0
37205	1
37211	0
37214	0
37215	3
37217	1
37221	3
37222	0
37223	3
37225	1
37226	3
37227	0
37228	1
37229	1
37230	1
37231	0
37232	0
37233	1
37234	0
37235	0
37236	1
37237	0
37238	1
37239	1
37240	0
37241	1
37242	0
37243	3
37244	3
37245	0
37246	0
37247	0
37248	0
37249	1
37250	0
37251	0
37252	0
37253	0
37254	0
37255	0
37256	0
37257	0
37258	0
37259	1
37260	1
37261	1
37262	0
37263	0
37264	0
37265	0
37266	0
37267	0
37268	0
37269	0
37270	1
37271	1
37272	1
37273	1
37274	1
37275	1
37276	1
37277	1
37278	1
37279	1
37280	1
37281	0
37282	1
37283	3
37284	1
37285	1
37286	1
37287	1
37288	1
37289	1
37290	1
37291	1
37292	1
37293	2
37294	0
37295	1
37296	0
37297	0
37298	0
37299	1
37300	0
37301	0
37302	0
37303	1
37304	1
37305	0
37306	1
37307	1
37308	1
37309	1
37310	1
37311	0
37312	1
37313	1
37314	0
37315	1
37316	0
37317	2
37318	0
37319	0
37320	1
37321	1
37322	0
37323	1
37324	1
37325	1
37326	1
37327	1
37328	1
37329	1
37330	1
37331	0
37332	1
37333	0
37334	0
37335	0
37336	0
37337	0
37338	0
37339	0
37340	0
37341	1
37342	1
37343	1
37344	0
37345	1
37346	0
37347	1
37348	0
37349	0
37350	1
37351	1
37352	1
37353	1
37354	1
37355	1
37356	1
37357	1
37358	1
37359	1
37360	1
37361	1
37362	1
37363	1
37364	0
37365	1
37366	0
37367	1
37368	1
37369	1
37370	0
37371	1
37372	0
37373	0
37374	0
37375	2
37376	1
37377	1
37378	0
37379	0
37380	0
37381	0
37382	1
37383	0
37384	0
37385	0
37386	0
37387	0
37388	0
37389	0
37390	0
37391	0
37392	1
37393	1
37394	1
37395	0
37396	0
37397	1
37398	0
37399	0
37400	1
37401	1
37402	0
37403	0
37404	0
37405	0
37406	0
37407	1
37408	1
37409	1
37410	0
37411	1
37412	0
37413	0
37414	1
37415	0
37416	0
37417	1
37418	0
37419	0
37420	0
37421	1
37422	1
37423	1
37424	1
37425	1
37426	1
37427	0
37428	1
37429	1
37430	1
37431	0
37432	2
37433	1
37434	1
37435	1
37436	1
37437	1
37438	1
37439	1
37440	1
37441	1
37442	0
37443	2
37444	3
37445	0
37446	0
37447	0
37448	0
37449	1
37450	0
37451	0
37452	0
37453	0
37454	0
37455	0
37456	0
37457	0
37458	0
37459	1
37460	1
37461	1
37462	0
37463	0
37464	1
37465	0
37466	1
37467	1
37468	1
37469	0
37470	0
37471	0
37472	0
37473	0
37474	0
37475	0
37476	0
37477	0
37478	0
37479	1
37480	1
37481	1
37482	1
37483	1
37484	1
37485	0
37486	0
37488	0
37491	1
37493	1
37494	1
37495	1
37496	1
37497	1
37498	1
37501	1
37502	1
37503	0
37504	3
37505	3
37506	3
37509	1
37510	1
37512	0
37519	0
37523	0
37525	3
37526	3
37527	1
37528	1
37530	3
37531	1
37532	1
37533	1
37534	1
37535	3
37538	0
37539	0
37540	3
37541	0
37542	1
37543	0
37544	1
37545	1
37546	1
37547	0
37549	1
37550	0
37551	1
37552	1
37554	1
37558	0
37562	0
37563	1
37564	0
37565	1
37566	1
37567	1
37568	1
37569	1
37571	1
37572	1
37574	0
37575	1
37576	1
37577	1
37578	1
37579	1
37580	1
37581	1
37582	1
37583	1
37584	1
37586	1
37587	1
37588	1
37589	0
37591	1
37592	1
37593	1
37595	1
37596	3
37597	1
37601	0
37603	1
37604	1
37605	1
37606	1
37607	1
37608	1
37609	1
37610	0
37611	1
37612	1
37613	1
37614	1
37615	1
37616	1
37617	1
37618	1
37619	1
37620	1
37621	1
37622	1
37623	1
37624	1
37625	1
37626	1
37627	1
37628	1
37629	1
37630	1
37631	1
37632	3
37633	3
37634	0
37635	1
37636	1
37637	1
37638	1
37639	1
37640	1
37641	1
37642	1
37643	1
37644	1
37645	1
37646	1
37647	1
37648	1
37649	1
37650	1
37651	1
37652	1
37653	0
37654	0
37655	1
37656	0
37657	0
37658	1
37662	1
37663	1
37664	1
37665	1
37666	1
37670	0
37671	0
37672	1
37674	0
37675	0
37677	1
37678	0
37687	0
37688	0
37689	0
37690	0
37691	0
37693	1
37695	1
37696	0
37697	0
37698	1
37699	1
37700	1
37702	0
37703	0
37704	0
37707	0
37711	1
37712	1
37713	1
37715	0
37720	1
37721	1
37722	1
37728	1
37729	1
37730	1
37731	1
37732	0
37734	0
37742	0
37744	0
37745	1
37746	0
37749	0
37750	0
37751	0
37752	0
37755	3
37763	3
37764	3
37765	0
37766	0
37767	0
37768	0
37769	0
37770	0
37771	0
37772	0
37773	0
37774	1
37775	0
37776	1
37779	1
37780	1
37781	1
37782	0
37787	0
37788	0
37790	0
37797	1
37798	0
37799	1
37800	0
37801	0
37809	1
37810	0
37813	3
37814	0
37820	3
37824	0
37825	0
37826	0
37827	0
37828	1
37829	3
37830	1
37831	0
37832	0
37833	1
37844	1
37845	1
37846	3
37849	0
37850	0
37851	0
37852	0
37853	0
37854	0
37855	0
37856	0
37857	3
37858	0
37859	0
37860	0
37861	0
37862	0
37863	1
37864	0
37865	0
37868	1
37869	0
37871	0
37878	0
37879	3
37880	0
37881	0
37882	0
37883	0
37886	1
37887	0
37888	1
37890	1
37893	1
37894	0
37898	1
37901	0
37902	1
37903	1
37904	1
37906	0
37907	1
37915	0
37917	0
37918	0
37919	0
37920	1
37928	1
37930	1
37932	1
37934	1
37935	1
37936	1
37937	0
37941	0
37942	0
37944	0
37945	1
37947	0
37948	1
37949	1
37950	3
37952	0
37955	3
37957	3
37958	3
37959	3
37964	0
37965	0
37966	0
37967	0
37968	0
37970	3
37972	3
37973	3
37976	1
37980	0
37981	0
37982	0
37983	1
37984	0
37985	0
37986	0
37990	0
37991	0
37992	0
37993	0
37994	0
37996	1
37997	0
37998	0
37999	0
38000	1
38001	0
38004	3
38006	0
38008	3
38009	1
38010	1
38011	0
38012	0
38013	0
38014	0
38016	0
38017	1
38019	3
38020	3
38021	3
38023	0
38025	1
38026	1
38028	0
38030	0
38031	1
38032	0
38035	0
38039	0
38040	0
38041	0
38042	0
38043	0
38044	0
38045	0
38047	0
38048	0
38049	0
38050	0
38052	3
38053	0
38054	0
38056	0
38057	1
38058	1
38059	1
38061	1
38062	1
38063	1
38064	1
38065	0
38066	0
38067	0
38068	0
38072	1
38073	1
38074	1
38075	1
38076	1
38077	1
38078	1
38079	1
38080	1
38081	1
38082	1
38083	1
38084	1
38085	1
38086	1
38087	1
38088	1
38089	1
38090	1
38091	1
38092	1
38093	1
38094	1
38095	1
38096	1
38097	1
38098	1
38099	1
38100	1
38101	1
38102	1
38103	1
38104	1
38105	1
38106	3
38107	0
38108	1
38110	1
38112	1
38113	1
38116	0
38121	0
38123	1
38125	1
38126	1
38128	3
38129	3
38130	1
38131	1
38132	1
38133	1
38134	1
38135	1
38136	1
38137	1
38138	1
38139	1
38151	1
38153	0
38154	0
38156	3
38157	3
38158	0
38159	0
38160	1
38161	3
38162	0
38163	0
38164	0
38166	1
38167	1
38168	1
38169	1
38170	1
38171	1
38172	1
38173	1
38174	3
38175	1
38176	1
38177	1
38180	0
38181	0
38182	0
38184	1
38185	1
38186	1
38188	1
38189	3
38191	0
38193	1
38194	1
38197	1
38198	1
38199	0
38200	0
38201	0
38204	0
38207	0
38208	0
38211	0
38216	3
38219	1
38220	1
38222	0
38223	0
38226	0
38228	0
38229	0
38230	0
38231	0
38232	0
38233	1
38234	0
38236	0
38248	1
38249	1
38256	1
38257	1
38258	1
38260	0
38261	1
38262	1
38264	1
38265	3
38266	3
38267	3
38271	0
38273	0
38283	0
38284	0
38285	1
38288	0
38289	0
38291	1
38292	1
38293	0
38294	0
38295	0
38296	3
38297	3
38298	1
38299	1
38303	1
38304	1
38308	3
38309	3
38310	0
38312	0
38316	0
38317	0
38319	0
38320	0
38321	0
38322	0
38325	0
38328	0
38332	0
38334	0
38335	0
38336	0
38337	0
38338	0
38339	0
38340	0
38341	0
38342	0
38349	1
38350	1
38351	1
38352	1
38353	0
38361	0
38362	0
38367	3
38369	1
38370	0
38374	0
38386	3
38388	3
38390	3
38391	0
38392	0
38393	1
38394	1
38395	1
38396	1
38397	1
38398	1
38399	3
38400	3
38401	3
38402	3
38403	1
38404	1
38405	1
38406	1
38407	1
38408	1
38410	1
38418	1
38419	1
38421	0
38422	1
38429	1
38430	1
38431	3
38433	3
38434	3
38435	3
38436	3
38439	0
38440	0
38444	1
38445	1
38446	1
38451	0
38453	2
38454	1
38456	0
38458	0
38459	1
38460	1
38461	0
38462	3
38463	0
38471	1
38472	1
38479	1
38480	1
38481	1
38482	1
38483	1
38485	1
38486	1
38487	1
38490	1
38491	1
38492	1
38493	1
38494	1
38495	1
38496	1
38497	0
38500	0
38501	0
38503	0
38505	1
38508	1
38524	1
38525	1
38527	0
38528	0
38529	0
38544	1
38545	0
38546	0
38547	0
38548	0
38549	3
38550	3
38551	1
38552	1
38556	0
38557	0
38558	1
38563	1
38564	1
38566	0
38567	1
38568	1
38569	3
38572	3
38579	1
38580	0
38581	0
38582	3
38583	3
38584	3
38585	3
38586	3
38587	0
38588	0
38589	3
38590	3
38595	0
38596	1
38597	1
38598	1
38599	1
38600	0
38601	0
38602	0
38603	1
38604	0
38605	1
38606	1
38607	3
38608	1
38609	3
38610	3
38625	1
38626	1
38628	1
38629	1
38630	1
38631	1
38632	1
38633	1
38634	1
38635	1
38637	3
38638	3
38639	3
38640	3
38641	3
38667	0
38675	1
38676	1
38677	1
38678	1
38679	1
38680	1
38681	1
38682	1
38683	1
38684	1
38685	1
38686	1
38687	1
38688	1
38689	1
38690	1
38691	1
38692	1
38693	1
38694	1
38695	0
38698	0
38699	3
38700	3
38701	3
38702	3
38710	0
38711	1
38712	1
38716	0
38717	0
38721	1
38722	1
38723	1
38724	1
38725	1
38726	1
38727	1
38733	1
38734	1
38735	1
38736	1
38737	1
38751	0
38752	0
38757	3
38758	0
38759	0
38760	0
38761	0
38763	0
38769	3
38770	3
38771	3
38772	3
38773	3
38774	3
38775	1
38776	1
38777	1
38778	0
38784	3
38785	3
38786	1
38787	1
38788	1
38789	1
38790	1
38825	0
38830	0
38831	0
38839	0
38840	0
38841	0
38843	0
38846	0
38857	3
38858	0
38860	1
38863	0
38867	0
38870	0
38877	0
38879	0
38882	1
38883	3
38900	0
38901	0
38903	0
38905	0
38906	0
38907	0
38919	0
38920	0
38921	0
38970	1
38971	1
38972	1
38973	1
38974	1
38975	1
38995	3
39000	1
39001	1
39010	3
39011	3
39012	3
39013	3
39019	4
39021	0
39023	0
39045	0
39046	0
39047	0
39048	0
39055	1
39057	0
39058	0
39060	1
39089	1
39090	0
39091	1
39092	1
39101	0
39103	0
39120	3
39121	3
39122	3
39123	1
39125	3
39130	0
39131	0
39132	0
39135	0
39137	3
39158	0
39166	3
39167	3
39168	3
39172	0
39173	0
39189	3
39190	1
39217	1
39229	0
39230	0
39231	3
39232	3
39233	3
39234	3
39252	1
39253	0
39259	1
39263	0
39264	0
39265	0
39271	3
39273	1
39275	0
39283	0
39284	1
39285	1
39286	1
39287	1
39288	1
39289	1
39296	1
39299	1
39300	1
39301	1
39302	3
39303	3
39304	3
39305	3
39306	3
39307	3
39309	1
39310	1
39311	1
39328	0
39343	0
39349	0
39355	0
39356	0
39361	0
39362	0
39368	0
39371	1
39372	1
39386	0
39396	0
39420	0
39421	0
39448	0
39454	0
39462	0
39466	0
39508	0
39509	0
39581	0
39623	0
39624	0
39632	0
39633	0
39639	0
39647	1
39648	0
39654	3
39672	0
39675	0
39678	0
39682	0
39683	0
39686	0
39691	0
39692	0
39695	0
39703	0
39707	0
39711	0
39712	3
39713	0
39714	0
39715	0
39716	0
39717	0
39735	0
39743	0
39744	0
39746	3
39747	3
39751	3
39755	1
39757	0
39758	0
39759	1
39760	0
39763	0
39794	0
39798	1
39799	1
39805	3
39807	1
39814	1
39815	1
39817	0
39818	0
39819	1
39820	1
39821	0
39823	3
39825	0
39826	1
39827	0
39836	1
39837	1
39841	0
39842	0
39852	0
39856	0
39860	1
39861	0
39863	3
39864	3
39872	0
39888	1
39891	0
39899	3
39901	1
39902	1
39903	1
39910	1
39920	3
39922	3
39934	0
39938	0
39940	0
39944	3
39945	3
39967	0
39968	0
39969	0
39970	0
39973	0
39975	0
39976	0
39977	0
40001	0
40006	0
40010	1
40029	0
40037	0
40038	0
40039	0
40041	0
40042	0
40043	0
40044	0
40055	0
40057	0
40081	0
40083	0
40091	0
40097	0
40098	0
40100	0
40101	0
40102	0
40103	0
40104	0
40110	0
40120	0
40122	0
40124	0
40125	0
40135	0
40138	0
40141	0
40142	3
40143	3
40144	3
40145	3
40146	0
40151	0
40160	0
40165	0
40175	0
40176	0
40182	1
40184	0
40187	0
40188	0
40189	1
40191	0
40192	1
40195	1
40196	1
40198	0
40199	1
40203	0
40204	0
40205	0
40206	0
40207	0
40208	0
40209	0
40210	0
40211	0
40212	0
40213	0
40214	0
40215	0
40216	0
40217	0
40218	0
40220	0
40222	0
40225	1
40231	1
40241	1
40246	0
40253	0
40256	0
40257	0
40260	0
40263	1
40264	0
40265	1
40274	0
40279	1
40281	0
40295	0
40301	0
40305	0
40312	1
40329	1
40352	0
40354	1
40356	0
40361	0
40363	0
40368	1
40373	0
40374	0
40387	0
40388	0
40391	1
40392	0
40404	0
40405	0
40413	1
40414	1
40415	0
40416	0
40417	1
40418	1
40419	1
40420	1
40421	1
40422	1
40423	1
40424	1
40425	1
40426	0
40428	0
40429	0
40435	0
40436	0
40437	0
40438	0
40441	0
40443	0
40446	1
40468	0
40469	0
40470	0
40471	0
40472	0
40478	0
40479	0
40481	0
40492	0
40502	1
40506	0
40533	0
40606	0
40607	0
40617	0
40624	0
40625	0
40626	0
40627	0
40628	0
40670	0
40671	0
40672	0
40673	0
40674	0
40675	0
40681	1
40682	1
40683	1
40684	1
40703	0
40704	0
40721	0
40724	0
40725	0
40842	0
40870	0
41839	0
42078	0
43280	0
43281	0
43282	0
70100	0
102055	0
108982	1
110981	0
110982	0
110987	0
110990	0
111600	0
111602	0
111603	0
111604	0
112051	0
112127	0
112778	0
112781	0
112783	0
112785	0
112793	0
112794	0
112795	0
112796	0
113080	0
113081	0
113087	0
113089	0
113096	0
113097	0
113098	0
113099	0
113179	1
113180	1
113181	1
113316	0
113317	0
113358	0
113359	0
113396	0
113397	0
113437	1
113438	1
113439	1
114282	0
114283	0
114284	1
115350	1
115351	0
118754	0
118771	0
119187	0
120278	0
121087	0
122441	1
122729	0
122730	0
122731	0
122732	0
122733	0
122734	0
122739	0
122741	0
122743	0
122744	0
122745	0
122746	0
122747	0
122748	0
122749	0
122750	0
122766	0
122778	0
122779	0
122782	0
123396	0
124392	0
125177	0
125178	0
126393	0
131946	0
131947	0
131948	0
131949	0
131950	0
131951	0
131978	0
132012	0
132014	0
132015	0
132016	0
132017	0
132018	0
132019	0
132020	0
132021	0
132089	0
132139	0
132140	0
132143	0
179820	0
182753	1
182754	1
182755	1
182756	1
182757	1
182758	1
182759	1
182760	1
182761	1
182762	1
182763	1
182764	1
182765	1
182766	1
182767	1
182768	1
182769	1
182770	1
182771	1
182772	1
215350	1
215351	0
301000	3
301001	0
301002	1
351000	3
351001	3
351002	3
351003	3
351004	3
351005	3
351006	3
351007	3
351008	3
351009	3
351010	1
351011	1
351012	1
351013	1
351014	1
351015	1
351016	1
351017	1
351018	3
351019	3
351020	3
351021	1
351022	1
351023	1
351024	1
351025	1
351026	1
351027	1
351028	3
351029	1
351030	1
351031	1
351032	1
351033	1
351034	1
351035	3
351036	3
351037	3
351038	3
351039	3
351040	3
351041	1
351042	0
351043	0
351044	1
351045	1
351046	1
351047	0
351048	1
351049	1
351050	1
351051	1
351052	1
351053	1
351054	1
351055	1
351056	1
351057	1
351058	1
351059	1
351060	1
351061	1
351062	1
351063	1
351064	1
351065	1
351066	0
351067	1
351068	1
351069	1
351070	1
351071	1
351072	0
351073	1
351074	1
351075	1
351076	1
351077	1
351078	1
351079	0
351080	1
351081	1
351082	1
351083	0
351084	1
351085	1
351086	1
351087	1
351088	0
351089	0
351090	1
351091	0
351092	1
351097	0
607068	0
607069	0
607070	0
607071	0
607072	0
607075	0
614682	1
614684	1
614686	1
614690	1
614693	1
614695	1
614697	4
616136	0
616141	0
616143	1
616230	0
616241	0
616255	0
616281	0
616285	0
616298	0
616299	0
616359	0
616361	0
616379	4
616380	4
616478	0
616484	0
616490	0
616493	0
616494	0
616495	0
616786	0
616787	0
900000	0
900001	0
900002	0
900003	0
900004	0
900005	0
900006	0
900007	0
900008	0
900009	0
900010	0
900011	0
900012	0
900013	0
900014	0
900015	0
900016	0
900017	0
900018	0
900019	0
900020	0
900021	0
900022	0
900023	0
900024	0
900025	0
900026	0
3460602	0
3460603	0
